intentType,obs_collection,provenance_name,instrument_name,project,filters,wave_region,target_name,target_classification,obs_id,s_ra,s_dec,dataproduct_type,proposal_pi,calib_level,t_min,t_max,t_exptime,wavelength_region,em_min,em_max,obs_title,t_obs_release,proposal_id,proposal_type,sequence_number,s_region,jpegURL,dataURL,dataRights,mtFlag,srcDen,obsid,objID,wave_min,wave_max
science,HST,CALWF3,WFC3/UVIS,HST,F390W,OPTICAL,SDSS-J025245.21+003958.3,GALAXY;GRAVITATIONAL LENS,ibzi01010,43.18841666667,0.6661944444444,image,"Koopmans, Leon",3,56529.16487835648,56529.19522554398,2276.0,OPTICAL,331.2,443.0,Discovering the Dark Side of CDM Substructure,56894.33084485,12898,GO,--,POLYGON 43.16402044 0.69776889 43.1475013 0.65554654 43.16910581 0.64862438 43.169115796328356 0.64864990463855543 43.16915782 0.64863644 43.18567712 0.69085872 43.16407245 0.69778095 43.164062463679684 0.69775542555257419 43.16402044 0.69776889 43.16402044 0.69776889,mast:HST/product/ibzi01010_drz.jpg,mast:HST/product/ibzi01010_drz.fits,PUBLIC,False,,24808067,923863017,331.2,443.0
science,HST,CALWF3,WFC3/UVIS,HST,F390W,OPTICAL,SDSS-J090315.19+411609.2,GALAXY;GRAVITATIONAL LENS,ibzi05010,135.8132916667,41.26922222222,image,"Koopmans, Leon",3,56371.50669170139,56371.56864780092,2272.0,OPTICAL,331.2,443.0,Discovering the Dark Side of CDM Substructure,56737.61795127,12898,GO,--,POLYGON 135.84657043 41.26174448 135.84651269697872 41.261737130739782 135.84650761 41.26175342 135.7870469 41.25416807 135.78705524632656 41.2541414226316 135.78703348 41.25413864 135.79394723 41.23205741 135.79400495545181 41.232064788610728 135.79401006 41.23204848 135.85345145 41.23963028 135.85344313338345 41.239656929567012 135.8534649 41.2396597 135.84657043 41.26174448 135.84657043 41.26174448,mast:HST/product/ibzi05010_drz.jpg,mast:HST/product/ibzi05010_drz.fits,PUBLIC,False,,24808071,923905841,331.2,443.0
science,HST,CALWF3,WFC3/UVIS,HST,F390W,OPTICAL,SDSS-J025245.21+003958.3,GALAXY;GRAVITATIONAL LENS,ibzi02010,43.18841666667,0.6661944444444,image,"Koopmans, Leon",3,56529.826811307874,56529.857737384256,2276.0,OPTICAL,331.2,443.0,Discovering the Dark Side of CDM Substructure,56895.01148147,12898,GO,--,POLYGON 43.16402044 0.69776889 43.1475013 0.65554654 43.147527376596734 0.65553818503525174 43.147521329999996 0.65552273 43.16912584 0.64860057 43.169141872934432 0.64864154953630582 43.16915782 0.64863644 43.18567712 0.69085872 43.185651052181093 0.69086707231374855 43.1856571 0.69088253 43.16405242 0.69780476 43.164036386987412 0.69776378056231469 43.16402044 0.69776889 43.16402044 0.69776889,mast:HST/product/ibzi02010_drz.jpg,mast:HST/product/ibzi02010_drz.fits,PUBLIC,False,,24808068,923905842,331.2,443.0
science,HST,CALWF3,WFC3/UVIS,HST,F390W,OPTICAL,SDSS-J090315.19+411609.2,GALAXY;GRAVITATIONAL LENS,ibzi06010,135.8132916667,41.26922222222,image,"Koopmans, Leon",3,56371.6217150463,56371.652594444444,2272.0,OPTICAL,331.2,443.0,Discovering the Dark Side of CDM Substructure,56737.13439807,12898,GO,--,POLYGON 135.84657043 41.26174448 135.84651269697872 41.261737130739782 135.84650761 41.26175342 135.7870469 41.25416807 135.78705524632656 41.2541414226316 135.78703348 41.25413864 135.79394723 41.23205741 135.79400495545181 41.232064788610728 135.79401006 41.23204848 135.85345145 41.23963028 135.85344313338345 41.239656929567012 135.8534649 41.2396597 135.84657043 41.26174448 135.84657043 41.26174448,mast:HST/product/ibzi06010_drz.jpg,mast:HST/product/ibzi06010_drz.fits,PUBLIC,False,,24808072,923905847,331.2,443.0
science,HST,CALWF3,WFC3/UVIS,HST,F390W,OPTICAL,SDSS-J073728.44+321618.6,GALAXY;GRAVITATIONAL LENS,ibzi03010,114.3685,32.27183333333,image,"Koopmans, Leon",3,56318.574294872684,56318.605035416665,2260.0,OPTICAL,331.2,443.0,Discovering the Dark Side of CDM Substructure,56683.70541655,12898,GO,--,POLYGON 114.33915837 32.27125068 114.3391458330136 32.271225402636354 114.33912829 32.27123275 114.3287549 32.25031238 114.32880147579186 32.250292873363762 114.32879383 32.25027745 114.37682412 32.23014803 114.37683665115968 32.230173282220328 114.37685423 32.23016591 114.38723641 32.25108235 114.38718979003789 32.251101901734714 114.38719745 32.25111733 114.33915837 32.27125068 114.33915837 32.27125068,mast:HST/product/ibzi03010_drz.jpg,mast:HST/product/ibzi03010_drz.fits,PUBLIC,False,,24808069,923905848,331.2,443.0
science,HST,CALWF3,WFC3/UVIS,HST,F390W,OPTICAL,SDSS-J073728.44+321618.6,GALAXY;GRAVITATIONAL LENS,ibzi04010,114.3685,32.27183333333,image,"Koopmans, Leon",3,56319.05692230324,56319.13279024306,2260.0,OPTICAL,331.2,443.0,Discovering the Dark Side of CDM Substructure,56684.27578699,12898,GO,--,POLYGON 114.33915837 32.27125068 114.3391458330136 32.271225402636354 114.33912829 32.27123275 114.3287549 32.25031238 114.32880147579186 32.250292873363762 114.32879383 32.25027745 114.37682412 32.23014803 114.37683665115968 32.230173282220328 114.37685423 32.23016591 114.38723641 32.25108235 114.38718979003789 32.251101901734714 114.38719745 32.25111733 114.33915837 32.27125068 114.33915837 32.27125068,mast:HST/product/ibzi04010_drz.jpg,mast:HST/product/ibzi04010_drz.fits,PUBLIC,False,,24808070,923905851,331.2,443.0
science,HST,CALWF3,WFC3/UVIS,HST,F390W,OPTICAL,SDSS-J090315.19+411609.2,GALAXY;GRAVITATIONAL LENS,ibzi07010,135.8132916667,41.26922222222,image,"Koopmans, Leon",3,56372.50365949074,56372.56540706019,2272.0,OPTICAL,331.2,443.0,Discovering the Dark Side of CDM Substructure,56737.69102997,12898,GO,--,POLYGON 135.84657043 41.26174448 135.84651269697872 41.261737130739782 135.84650761 41.26175342 135.7870469 41.25416807 135.78705524632656 41.2541414226316 135.78703348 41.25413864 135.79394723 41.23205741 135.79400495545181 41.232064788610728 135.79401006 41.23204848 135.85345145 41.23963028 135.85344313338345 41.239656929567012 135.8534649 41.2396597 135.84657043 41.26174448 135.84657043 41.26174448,mast:HST/product/ibzi07010_drz.jpg,mast:HST/product/ibzi07010_drz.fits,PUBLIC,False,,24808073,923906035,331.2,443.0
science,HST,CALWF3,WFC3/UVIS,HST,F390W,OPTICAL,SDSS-J090315.19+411609.2,GALAXY;GRAVITATIONAL LENS,ibzi08010,135.8132916667,41.26922222222,image,"Koopmans, Leon",3,56372.6184628125,56372.64934224537,2272.0,OPTICAL,331.2,443.0,Discovering the Dark Side of CDM Substructure,56737.90848376,12898,GO,--,POLYGON 135.84657043 41.26174448 135.84651269697872 41.261737130739782 135.84650761 41.26175342 135.7870469 41.25416807 135.78705524632656 41.2541414226316 135.78703348 41.25413864 135.79394723 41.23205741 135.79400495545181 41.232064788610728 135.79401006 41.23204848 135.85345145 41.23963028 135.85344313338345 41.239656929567012 135.8534649 41.2396597 135.84657043 41.26174448 135.84657043 41.26174448,mast:HST/product/ibzi08010_drz.jpg,mast:HST/product/ibzi08010_drz.fits,PUBLIC,False,,24808074,923906062,331.2,443.0
science,HST,CALWF3,WFC3/UVIS,HST,F390W,OPTICAL,SDSS-J090315.19+411609.2,GALAXY;GRAVITATIONAL LENS,ibzi09010,135.8132916667,41.26922222222,image,"Koopmans, Leon",3,56372.686379479164,56372.71725891204,2272.0,OPTICAL,331.2,443.0,Discovering the Dark Side of CDM Substructure,56737.85440965,12898,GO,--,POLYGON 135.84657043 41.26174448 135.84651269697872 41.261737130739782 135.84650761 41.26175342 135.7870469 41.25416807 135.78705524632656 41.2541414226316 135.78703348 41.25413864 135.79394723 41.23205741 135.79400495545181 41.232064788610728 135.79401006 41.23204848 135.85345145 41.23963028 135.85344313338345 41.239656929567012 135.8534649 41.2396597 135.84657043 41.26174448 135.84657043 41.26174448,mast:HST/product/ibzi09010_drz.jpg,mast:HST/product/ibzi09010_drz.fits,PUBLIC,False,,24808075,923906103,331.2,443.0
science,HST,CALWF3,WFC3/UVIS,HST,F390W,OPTICAL,SDSS-J090315.19+411609.2,GALAXY;GRAVITATIONAL LENS,ibzi10010,135.8132916667,41.26922222222,image,"Koopmans, Leon",3,56372.761680208336,56372.83073113426,2272.0,OPTICAL,331.2,443.0,Discovering the Dark Side of CDM Substructure,56738.04234957,12898,GO,--,POLYGON 135.84657043 41.26174448 135.84651269697872 41.261737130739782 135.84650761 41.26175342 135.7870469 41.25416807 135.78705524632656 41.2541414226316 135.78703348 41.25413864 135.79394723 41.23205741 135.79400495545181 41.232064788610728 135.79401006 41.23204848 135.85345145 41.23963028 135.85344313338345 41.239656929567012 135.8534649 41.2396597 135.84657043 41.26174448 135.84657043 41.26174448,mast:HST/product/ibzi10010_drz.jpg,mast:HST/product/ibzi10010_drz.fits,PUBLIC,False,,24808076,923906107,331.2,443.0
science,HST,CALWF3,WFC3/UVIS,HST,F390W,OPTICAL,SDSS-J091205.31+002901.1,GALAXY;GRAVITATIONAL LENS,ibzi11010,138.022125,0.4836666666667,image,"Koopmans, Leon",3,56428.110674421296,56428.14160054398,2276.0,OPTICAL,331.2,443.0,Discovering the Dark Side of CDM Substructure,56793.38163194,12898,GO,--,POLYGON 138.04810806 0.48110426 138.04806688101056 0.48108875511929966 138.04806001 0.48110402 138.00562823 0.46512727 138.0056394667788 0.46510230632632082 138.00562394 0.46509646 138.01493525 0.44441035 138.01497642883027 0.44442585511496441 138.0149833 0.44441059 138.05741498 0.46038728 138.057403739518 0.4604122524015648 138.05741927 0.4604181 138.04810806 0.48110426 138.04810806 0.48110426,mast:HST/product/ibzi11010_drz.jpg,mast:HST/product/ibzi11010_drz.fits,PUBLIC,False,,24808077,923906109,331.2,443.0
science,HST,CALWF3,WFC3/UVIS,HST,F390W,OPTICAL,SDSS-J163028.16+452036.2,GALAXY;GRAVITATIONAL LENS,ibzi26010,247.6172916667,45.34341666667,image,"Koopmans, Leon",3,56467.74966898148,56467.76441431713,2284.0,OPTICAL,331.2,443.0,Discovering the Dark Side of CDM Substructure,56832.96649293,12898,GO,--,POLYGON -112.36252636 45.30360793 -112.35538822000001 45.32573063 -112.35544827604663 45.325743045890121 -112.35544300999999 45.32575936 -112.41732367999998 45.33853289 -112.42443927 45.31640634 -112.4243791856281 45.316393955471128 -112.42438444000004 45.31637761 -112.36252636 45.30360793 -112.36252636 45.30360793,mast:HST/product/ibzi26010_drz.jpg,mast:HST/product/ibzi26010_drz.fits,PUBLIC,False,,24808092,923906911,331.2,443.0
science,HST,CALWF3,WFC3/UVIS,HST,F390W,OPTICAL,SDSS-J234111.57+000018.6,GALAXY;GRAVITATIONAL LENS,ibzi30010,355.2982083333,0.005194444444444,image,"Koopmans, Leon",3,56448.9500272338,56448.98095297454,2276.0,OPTICAL,331.2,443.0,Discovering the Dark Side of CDM Substructure,56814.19611107,12898,GO,--,POLYGON -4.7032364399999551 0.02996842 -4.7032620353717975 0.029978125927746374 -4.7032551899999362 0.02999324 -4.7244663399999354 0.03803664 -4.724484495604325 0.037996553757921235 -4.72450015000004 0.03800249 -4.7432055300000684 -0.00329763 -4.7219943899999635 -0.01134103 -4.7219830797615163 -0.011316057827815902 -4.7219418299999916 -0.0113317 -4.7032364399999551 0.02996842 -4.7032364399999551 0.02996842,mast:HST/product/ibzi30010_drz.jpg,mast:HST/product/ibzi30010_drz.fits,PUBLIC,False,,24808096,923907004,331.2,443.0
science,HST,CALWF3,WFC3/UVIS,HST,F390W,OPTICAL,SDSS-J163028.16+452036.2,GALAXY;GRAVITATIONAL LENS,ibzi25010,247.6172916667,45.34341666667,image,"Koopmans, Leon",3,56467.67454155093,56467.70555987269,2284.0,OPTICAL,331.2,443.0,Discovering the Dark Side of CDM Substructure,56833.48587966,12898,GO,--,POLYGON -112.36255762999997 45.30358591 -112.36254901697947 45.303612614363331 -112.36252636 45.30360793 -112.35538822000001 45.32573063 -112.35544827604663 45.325743045890121 -112.35544300999999 45.32575936 -112.41732367999998 45.33853289 -112.41733227708491 45.338506167306925 -112.41735489999996 45.33851083 -112.42447044 45.31638429 -112.42441043969066 45.316371922832772 -112.42441568999999 45.31635559 -112.36255762999997 45.30358591 -112.36255762999997 45.30358591,mast:HST/product/ibzi25010_drz.jpg,mast:HST/product/ibzi25010_drz.fits,PUBLIC,False,,24808091,923907051,331.2,443.0
science,HST,CALWF3,WFC3/UVIS,HST,F390W,OPTICAL,SDSS-J163028.16+452036.2,GALAXY;GRAVITATIONAL LENS,ibzi24010,247.6172916667,45.34341666667,image,"Koopmans, Leon",3,56459.52050170139,56459.582445914355,2284.0,OPTICAL,331.2,443.0,Discovering the Dark Side of CDM Substructure,56825.69365725,12898,GO,--,POLYGON -112.36261235 45.30361465 -112.36260374506152 45.303641329491768 -112.36258115999999 45.30363666 -112.35544300999999 45.32575936 -112.41732367999998 45.33853289 -112.41733227708491 45.338506167306925 -112.41735489999996 45.33851083 -112.42447044 45.31638429 -112.36261235 45.30361465 -112.36261235 45.30361465,mast:HST/product/ibzi24010_drz.jpg,mast:HST/product/ibzi24010_drz.fits,PUBLIC,False,,24808090,923907070,331.2,443.0
science,HST,CALWF3,WFC3/UVIS,HST,F390W,OPTICAL,SDSS-J162746.44-005357.5,GALAXY;GRAVITATIONAL LENS,ibzi23010,246.9435416667,-0.8993333333333,image,"Koopmans, Leon",3,56459.85564059028,56459.86222627315,2276.0,OPTICAL,331.2,443.0,Discovering the Dark Side of CDM Substructure,56825.12084497,12898,GO,--,POLYGON -113.07597977 -0.93409783 -113.03065358000003 -0.93280537 -113.03272297000001 -0.910215 -113.07804887999998 -0.91150743 -113.07597977 -0.93409783 -113.07597977 -0.93409783,mast:HST/product/ibzi23010_drz.jpg,mast:HST/product/ibzi23010_drz.fits,PUBLIC,False,,24808089,923907090,331.2,443.0
science,HST,CALWF3,WFC3/UVIS,HST,F390W,OPTICAL,SDSS-J162746.44-005357.5,GALAXY;GRAVITATIONAL LENS,ibzi22010,246.9435416667,-0.8993333333333,image,"Koopmans, Leon",3,56459.70646241898,56459.77550146991,2276.0,OPTICAL,331.2,443.0,Discovering the Dark Side of CDM Substructure,56825.01326384,12898,GO,--,POLYGON -113.07599386999999 -0.93412557 -113.03066767000001 -0.9328331 -113.03067016688537 -0.93280584307615311 -113.03065358000003 -0.93280537 -113.03272297000001 -0.910215 -113.03276696252557 -0.91021625468645717 -113.03276848999997 -0.91019958 -113.0780944 -0.91149201 -113.07809190255328 -0.911519277123681 -113.07810848999998 -0.91151975 -113.07603938 -0.93411015 -113.07599539720377 -0.93410889612040782 -113.07599386999999 -0.93412557 -113.07599386999999 -0.93412557,mast:HST/product/ibzi22010_drz.jpg,mast:HST/product/ibzi22010_drz.fits,PUBLIC,False,,24808088,923907096,331.2,443.0
science,HST,CALWF3,WFC3/UVIS,HST,F390W,OPTICAL,SDSS-J091205.31+002901.1,GALAXY;GRAVITATIONAL LENS,ibzi12010,138.022125,0.4836666666667,image,"Koopmans, Leon",3,56428.310014814815,56428.340940891205,2276.0,OPTICAL,331.2,443.0,Discovering the Dark Side of CDM Substructure,56793.44021987,12898,GO,--,POLYGON 138.04810806 0.48110426 138.04806688101056 0.48108875511929966 138.04806001 0.48110402 138.00562823 0.46512727 138.0056394667788 0.46510230632632082 138.00562394 0.46509646 138.01493525 0.44441035 138.01497642883027 0.44442585511496441 138.0149833 0.44441059 138.05741498 0.46038728 138.057403739518 0.4604122524015648 138.05741927 0.4604181 138.04810806 0.48110426 138.04810806 0.48110426,mast:HST/product/ibzi12010_drz.jpg,mast:HST/product/ibzi12010_drz.fits,PUBLIC,False,,24808078,923907317,331.2,443.0
science,HST,CALWF3,WFC3/UVIS,HST,F390W,OPTICAL,SDSS-J091205.31+002901.1,GALAXY;GRAVITATIONAL LENS,ibzi13010,138.022125,0.4836666666667,image,"Koopmans, Leon",3,56419.69935517361,56419.76735274305,2276.0,OPTICAL,331.2,443.0,Discovering the Dark Side of CDM Substructure,56784.92883089,12898,GO,--,POLYGON 138.04810806 0.48110426 138.00567629 0.46512751 138.00568065411321 0.46511781466825319 138.00562394 0.46509646 138.01493525 0.44441035 138.01497642883027 0.44442585511496446 138.0149833 0.44441059 138.05741498 0.46038728 138.057403739518 0.4604122524015648 138.05741927 0.4604181 138.04810806 0.48110426 138.04810806 0.48110426,mast:HST/product/ibzi13010_drz.jpg,mast:HST/product/ibzi13010_drz.fits,PUBLIC,False,,24808079,923907429,331.2,443.0
science,HST,CALWF3,WFC3/UVIS,HST,F390W,OPTICAL,SDSS-J091205.31+002901.1,GALAXY;GRAVITATIONAL LENS,ibzi14010,138.022125,0.4836666666667,image,"Koopmans, Leon",3,56429.30675112268,56429.33767681713,2276.0,OPTICAL,331.2,443.0,Discovering the Dark Side of CDM Substructure,56794.51504626,12898,GO,--,POLYGON 138.04810806 0.48110426 138.04806688101056 0.48108875511929966 138.04806001 0.48110402 138.00562823 0.46512727 138.0056394667788 0.46510230632632082 138.00562394 0.46509646 138.01493525 0.44441035 138.01497642883027 0.44442585511496441 138.0149833 0.44441059 138.05741498 0.46038728 138.057403739518 0.4604122524015648 138.05741927 0.4604181 138.04810806 0.48110426 138.04810806 0.48110426,mast:HST/product/ibzi14010_drz.jpg,mast:HST/product/ibzi14010_drz.fits,PUBLIC,False,,24808080,923907449,331.2,443.0
science,HST,CALWF3,WFC3/UVIS,HST,F390W,OPTICAL,SDSS-J091205.31+002901.1,GALAXY;GRAVITATIONAL LENS,ibzi15010,138.022125,0.4836666666667,image,"Koopmans, Leon",3,56429.3731977662,56429.40412349537,2276.0,OPTICAL,331.2,443.0,Discovering the Dark Side of CDM Substructure,56794.5783564,12898,GO,--,POLYGON 138.04810806 0.48110426 138.04806688101056 0.48108875511929966 138.04806001 0.48110402 138.00562823 0.46512727 138.0056394667788 0.46510230632632082 138.00562394 0.46509646 138.01493525 0.44441035 138.01497642883027 0.44442585511496441 138.0149833 0.44441059 138.05741498 0.46038728 138.057403739518 0.4604122524015648 138.05741927 0.4604181 138.04810806 0.48110426 138.04810806 0.48110426,mast:HST/product/ibzi15010_drz.jpg,mast:HST/product/ibzi15010_drz.fits,PUBLIC,False,,24808081,923907453,331.2,443.0
science,HST,CALWF3,WFC3/UVIS,HST,F390W,OPTICAL,SDSS-J095629.78+510006.6,GALAXY;GRAVITATIONAL LENS,ibzi16010,149.1240833333,51.00183333333,image,"Koopmans, Leon",3,56551.04116380787,56551.0722746875,2292.0,OPTICAL,331.2,443.0,Discovering the Dark Side of CDM Substructure,56916.20459494,12898,GO,--,POLYGON 149.16846518 51.03034958 149.16839707870722 51.030359784226867 149.16840161 51.03037628 149.09825808 51.04086311 149.0982507127668 51.040836143310543 149.09822506 51.04083997 149.09211998 51.01848228 149.09218803085221 51.018472127512666 149.09218352 51.0184556 149.16229454 51.00797243 149.16230194114752 51.007999399625142 149.16232763 51.00799555 149.16846518 51.03034958 149.16846518 51.03034958,mast:HST/product/ibzi16010_drz.jpg,mast:HST/product/ibzi16010_drz.fits,PUBLIC,False,,24808082,923907478,331.2,443.0
science,HST,CALWF3,WFC3/UVIS,HST,F390W,OPTICAL,SDSS-J095629.78+510006.6,GALAXY;GRAVITATIONAL LENS,ibzi17010,149.1240833333,51.00183333333,image,"Koopmans, Leon",3,56551.10757600694,56551.138686921295,2292.0,OPTICAL,331.2,443.0,Discovering the Dark Side of CDM Substructure,56916.27119209,12898,GO,--,POLYGON 149.16846518 51.03034958 149.16839707870722 51.030359784226867 149.16840161 51.03037628 149.09825808 51.04086311 149.0982507127668 51.040836143310543 149.09822506 51.04083997 149.09211998 51.01848228 149.09218803085221 51.018472127512666 149.09218352 51.0184556 149.16229454 51.00797243 149.16230194114752 51.007999399625142 149.16232763 51.00799555 149.16846518 51.03034958 149.16846518 51.03034958,mast:HST/product/ibzi17010_drz.jpg,mast:HST/product/ibzi17010_drz.fits,PUBLIC,False,,24808083,923907551,331.2,443.0
science,HST,CALWF3,WFC3/UVIS,HST,F390W,OPTICAL,SDSS-J095944.07+041017.0,GALAXY;GRAVITATIONAL LENS,ibzi18010,149.933625,4.171388888889,image,"Koopmans, Leon",3,56450.19237650463,56450.19896223379,2276.0,OPTICAL,331.2,443.0,Discovering the Dark Side of CDM Substructure,56815.38725688,12898,GO,--,POLYGON 149.96898237 4.14807253 149.95966898 4.16876855 149.91711018 4.15283568 149.9264245 4.13214016 149.96898237 4.14807253 149.96898237 4.14807253,mast:HST/product/ibzi18010_drz.jpg,mast:HST/product/ibzi18010_drz.fits,PUBLIC,False,,24808084,923907658,331.2,443.0
science,HST,CALWF3,WFC3/UVIS,HST,F390W,OPTICAL,SDSS-J143004.10+410557.1,GALAXY;GRAVITATIONAL LENS,ibzi19010,217.5170833333,41.09919444444,image,"Koopmans, Leon",3,56414.979563692126,56415.052769409725,2272.0,OPTICAL,331.2,443.0,Discovering the Dark Side of CDM Substructure,56780.15194435,12898,GO,--,POLYGON -142.46237954000003 41.07816963 -142.46243138030593 41.078189868737006 -142.46242243 41.07820518 -142.51584714 41.09904354 -142.51586177931696 41.099018462873211 -142.5158813 41.09902607 -142.52799920999996 41.07826088 -142.52794739737618 41.078240689312544 -142.52795634 41.07822536 -142.47454470000002 41.0573926 -142.47453005801233 41.057417665367183 -142.4745105 41.05741003 -142.46237954000003 41.07816963 -142.46237954000003 41.07816963,mast:HST/product/ibzi19010_drz.jpg,mast:HST/product/ibzi19010_drz.fits,PUBLIC,False,,24808085,923907671,331.2,443.0
science,HST,CALWF3,WFC3/UVIS,HST,F390W,OPTICAL,SDSS-J143004.10+410557.1,GALAXY;GRAVITATIONAL LENS,ibzi20010,217.5170833333,41.09919444444,image,"Koopmans, Leon",3,56417.62745702546,56417.658336423614,2272.0,OPTICAL,331.2,443.0,Discovering the Dark Side of CDM Substructure,56783.64365735,12898,GO,--,POLYGON -142.46237954000003 41.07816963 -142.46243138030593 41.078189868737006 -142.46242243 41.07820518 -142.51584714 41.09904354 -142.51586177931696 41.099018462873211 -142.5158813 41.09902607 -142.52799920999996 41.07826088 -142.52794739737618 41.078240689312544 -142.52795634 41.07822536 -142.47454470000002 41.0573926 -142.47453005801233 41.057417665367183 -142.4745105 41.05741003 -142.46237954000003 41.07816963 -142.46237954000003 41.07816963,mast:HST/product/ibzi20010_drz.jpg,mast:HST/product/ibzi20010_drz.fits,PUBLIC,False,,24808086,923907681,331.2,443.0
science,HST,CALWF3,WFC3/UVIS,HST,F390W,OPTICAL,SDSS-J162746.44-005357.5,GALAXY;GRAVITATIONAL LENS,ibzi21010,246.9435416667,-0.8993333333333,image,"Koopmans, Leon",3,56459.63097612269,56459.661901851854,2276.0,OPTICAL,331.2,443.0,Discovering the Dark Side of CDM Substructure,56824.77706009,12898,GO,--,POLYGON -113.07599386999999 -0.93412557 -113.03066767000001 -0.9328331 -113.03067016688537 -0.93280584307615311 -113.03065358000003 -0.93280537 -113.03272297000001 -0.910215 -113.03276696252557 -0.91021625468645717 -113.03276848999997 -0.91019958 -113.0780944 -0.91149201 -113.07809190255328 -0.911519277123681 -113.07810848999998 -0.91151975 -113.07603938 -0.93411015 -113.07599539720377 -0.93410889612040782 -113.07599386999999 -0.93412557 -113.07599386999999 -0.93412557,mast:HST/product/ibzi21010_drz.jpg,mast:HST/product/ibzi21010_drz.fits,PUBLIC,False,,24808087,923907704,331.2,443.0
science,HST,CALWF3,WFC3/UVIS,HST,F390W,OPTICAL,SDSS-J163028.16+452036.2,GALAXY;GRAVITATIONAL LENS,ibzi27010,247.6172916667,45.34341666667,image,"Koopmans, Leon",3,56456.92133503472,56456.996450729166,2284.0,OPTICAL,331.2,443.0,Discovering the Dark Side of CDM Substructure,56822.05599531,12898,GO,--,POLYGON -112.36255762999997 45.30358591 -112.36254901697947 45.303612614363331 -112.36252636 45.30360793 -112.35538822000001 45.32573063 -112.35544827604663 45.325743045890121 -112.35544300999999 45.32575936 -112.41732367999998 45.33853289 -112.41733227708491 45.338506167306925 -112.41735489999996 45.33851083 -112.42447044 45.31638429 -112.42441043969066 45.316371922832772 -112.42441568999999 45.31635559 -112.36255762999997 45.30358591 -112.36255762999997 45.30358591,mast:HST/product/ibzi27010_drz.jpg,mast:HST/product/ibzi27010_drz.fits,PUBLIC,False,,24808093,923907854,331.2,443.0
science,HST,CALWF3,WFC3/UVIS,HST,F390W,OPTICAL,SDSS-J163028.16+452036.2,GALAXY;GRAVITATIONAL LENS,ibzi28010,247.6172916667,45.34341666667,image,"Koopmans, Leon",3,56457.06214502315,56457.14235332176,2284.0,OPTICAL,331.2,443.0,Discovering the Dark Side of CDM Substructure,56822.34672455,12898,GO,--,POLYGON -112.36255762999997 45.30358591 -112.36254901697947 45.303612614363331 -112.36252636 45.30360793 -112.35538822000001 45.32573063 -112.35544827604664 45.325743045890121 -112.35544300999999 45.32575936 -112.41732367999998 45.33853289 -112.41733227708491 45.338506167306925 -112.41735489999996 45.33851083 -112.42447044 45.31638429 -112.42441043969069 45.316371922832772 -112.42441568999999 45.31635559 -112.36255762999997 45.30358591 -112.36255762999997 45.30358591,mast:HST/product/ibzi28010_drz.jpg,mast:HST/product/ibzi28010_drz.fits,PUBLIC,False,,24808094,923907910,331.2,443.0
science,HST,CALWF3,WFC3/UVIS,HST,F390W,OPTICAL,SDSS-J234111.57+000018.6,GALAXY;GRAVITATIONAL LENS,ibzi29010,355.2982083333,0.005194444444444,image,"Koopmans, Leon",3,56440.27169390046,56440.34442519676,2276.0,OPTICAL,331.2,443.0,Discovering the Dark Side of CDM Substructure,56805.5797453,12898,GO,--,POLYGON -4.70327025000006 0.02993427 -4.70328019098451 0.02993803968439766 -4.7032551899999362 0.02999324 -4.7244663399999354 0.03803664 -4.7244844956043375 0.037996553757883168 -4.72450015000004 0.03800249 -4.7432055300000684 -0.00329763 -4.743179934634087 -0.0033073359271945015 -4.7431867799999736 -0.00332245 -4.7219756399999824 -0.01136585 -4.70327025000006 0.02993427 -4.70327025000006 0.02993427,mast:HST/product/ibzi29010_drz.jpg,mast:HST/product/ibzi29010_drz.fits,PUBLIC,False,,24808095,923907936,331.2,443.0
science,HST,HAP-SVM,WFC3/UVIS,HAP,F390W,OPTICAL,SDSS-J163028.16+452036.2,GALAXY;GRAVITATIONAL LENS,hst_12898_27_wfc3_uvis_f390w_ibzi27,247.6172916667,45.34341666667,image,"Koopmans, Leon",3,56456.92133501,56456.99645073,2284.0,OPTICAL,331.2,443.0,--,56822.05599531,12898,HAP,--,POLYGON 247.63727653650605 45.303792466934 247.57510085467666 45.31648890361252 247.58255418790924 45.33871137613878 247.6441263666764 45.32585697874975 247.63727653650605 45.303792466934 POLYGON 247.64417347606468 45.32613210504664 247.58258531565846 45.339052556769026 247.58984107404356 45.360944333275654 247.65110683367664 45.34795405699271 247.64417347606468 45.32613210504664,mast:HST/product/hst_12898_27_wfc3_uvis_f390w_ibzi27_drc.jpg,mast:HST/product/hst_12898_27_wfc3_uvis_f390w_ibzi27_drc.fits,PUBLIC,False,,26580615,938737783,331.2,443.0
science,HST,HAP-SVM,WFC3/UVIS,HAP,F390W,OPTICAL,SDSS-J095629.78+510006.6,GALAXY;GRAVITATIONAL LENS,hst_12898_16_wfc3_uvis_f390w_ibzi16,149.1240833333,51.00183333333,image,"Koopmans, Leon",3,56551.0411638,56551.0722747,2292.0,OPTICAL,331.2,443.0,--,56916.20459494,12898,HAP,--,POLYGON 149.15591107409392 50.98535923861355 149.08658355667166 50.9961741554737 149.0923375624994 51.018187122256755 149.16223904429407 51.00762175612438 149.15591107409392 50.98535923861355 POLYGON 149.16229174982706 51.00792989592984 149.09249477708923 51.01850633009572 149.09828921167068 51.04077214216148 149.16873108760655 51.03044515945456 149.16229174982706 51.00792989592984,mast:HST/product/hst_12898_16_wfc3_uvis_f390w_ibzi16_drc.jpg,mast:HST/product/hst_12898_16_wfc3_uvis_f390w_ibzi16_drc.fits,PUBLIC,False,,26580598,938737791,331.2,443.0
science,HST,HAP-SVM,WFC3/UVIS,HAP,F390W,OPTICAL,SDSS-J163028.16+452036.2,GALAXY;GRAVITATIONAL LENS,hst_12898_25_wfc3_uvis_f390w_ibzi25,247.6172916667,45.34341666667,image,"Koopmans, Leon",3,56467.67454156,56467.70555987,2284.0,OPTICAL,331.2,443.0,--,56833.48587966,12898,HAP,--,POLYGON 247.63726806524875 45.30378695161569 247.57518633947683 45.31641738643858 247.5824204838642 45.3386728102746 247.64411789476662 45.32585146342926 247.63726806524875 45.30378695161569 POLYGON 247.6443059100925 45.32617057416101 247.58267082247522 45.338992039013405 247.58987956944213 45.361004860983044 247.65109836110065 45.34794854167011 247.6443059100925 45.32617057416101,mast:HST/product/hst_12898_25_wfc3_uvis_f390w_ibzi25_drc.jpg,mast:HST/product/hst_12898_25_wfc3_uvis_f390w_ibzi25_drc.fits,PUBLIC,False,,26579084,938737797,331.2,443.0
science,HST,HAP-SVM,WFC3/UVIS,HAP,F390W,OPTICAL,SDSS-J163028.16+452036.2,GALAXY;GRAVITATIONAL LENS,hst_12898_24_wfc3_uvis_f390w_ibzi24,247.6172916667,45.34341666667,image,"Koopmans, Leon",3,56459.52050168,56459.58244591,2284.0,OPTICAL,331.2,443.0,--,56825.69365725,12898,HAP,--,POLYGON 247.6372780468023 45.30379010552545 247.57510235264888 45.31650855333184 247.58246175830968 45.338708989335124 247.64412787670256 45.325854617338834 247.6372780468023 45.30379010552545 POLYGON 247.64419063964561 45.32612973944633 247.58258683427061 45.33903918982645 247.58984258635965 45.36094197188434 247.6511083434268 45.34795169557945 247.64419063964561 45.32612973944633,mast:HST/product/hst_12898_24_wfc3_uvis_f390w_ibzi24_drc.jpg,mast:HST/product/hst_12898_24_wfc3_uvis_f390w_ibzi24_drc.fits,PUBLIC,False,,26580608,938737805,331.2,443.0
science,HST,HAP-SVM,WFC3/UVIS,HAP,detection,--,SDSS-J163028.16+452036.2,GALAXY;GRAVITATIONAL LENS,hst_12898_27_wfc3_uvis_total_ibzi27,247.6172916667,45.34341666667,image,"Koopmans, Leon",3,56456.92133501,56456.99645073,2284.0,--,,,--,56822.05599531,12898,HAP,--,POLYGON 247.63721393314626 45.3037594632405 247.57514783716027 45.3164448971302 247.58246026380678 45.33867833406146 247.64412634883053 45.32582396208749 247.63721393314626 45.3037594632405 POLYGON 247.64417349393815 45.32616512170891 247.5825852856067 45.339107584539256 247.58990369465636 45.36102138506388 247.65109112295468 45.347877023260594 247.64417349393815 45.32616512170891,mast:HST/product/hst_12898_27_wfc3_uvis_total_ibzi27_drc.jpg,mast:HST/product/hst_12898_27_wfc3_uvis_total_ibzi27_drc.fits,PUBLIC,False,,26580655,938737806,,
science,HST,HAP-SVM,WFC3/UVIS,HAP,detection,--,SDSS-J095629.78+510006.6,GALAXY;GRAVITATIONAL LENS,hst_12898_16_wfc3_uvis_total_ibzi16,149.1240833333,51.00183333333,image,"Koopmans, Leon",3,56551.0411638,56551.0722747,2292.0,--,,,--,56916.20459494,12898,HAP,--,POLYGON 149.15598103810268 50.985414249230914 149.086600975749 50.99625120040304 149.09237255220933 51.018187132672644 149.16222152851827 51.00758874468888 149.15598103810268 50.985414249230914 POLYGON 149.1622917747834 51.00796291259005 149.09251224734192 51.01853935194184 149.09835919091427 51.04082718719154 149.16873108760655 51.03044515945456 149.1622917747834 51.00796291259005,mast:HST/product/hst_12898_16_wfc3_uvis_total_ibzi16_drc.jpg,mast:HST/product/hst_12898_16_wfc3_uvis_total_ibzi16_drc.fits,PUBLIC,False,,26580632,938737820,,
science,HST,HAP-SVM,WFC3/UVIS,HAP,detection,--,SDSS-J163028.16+452036.2,GALAXY;GRAVITATIONAL LENS,hst_12898_25_wfc3_uvis_total_ibzi25,247.6172916667,45.34341666667,image,"Koopmans, Leon",3,56467.67454156,56467.70555987,2284.0,--,,,--,56833.48587966,12898,HAP,--,POLYGON 247.63720546189504 45.30375394792223 247.57518633947683 45.31641738643858 247.58251442600655 45.338672835715386 247.64410222345012 45.32581845094782 247.63720546189504 45.30375394792223 POLYGON 247.64430592206293 45.32619258526916 247.5825768257101 45.339091063687114 247.58987956944213 45.361004860983044 247.6510826503802 45.34787150793799 247.64430592206293 45.32619258526916,mast:HST/product/hst_12898_25_wfc3_uvis_total_ibzi25_drc.jpg,mast:HST/product/hst_12898_25_wfc3_uvis_total_ibzi25_drc.fits,PUBLIC,False,,26579094,938737830,,
science,HST,HAP-SVM,WFC3/UVIS,HAP,detection,--,SDSS-J163028.16+452036.2,GALAXY;GRAVITATIONAL LENS,hst_12898_24_wfc3_uvis_total_ibzi24,247.6172916667,45.34341666667,image,"Koopmans, Leon",3,56459.52050168,56459.58244591,2284.0,--,,,--,56825.69365725,12898,HAP,--,POLYGON 247.6372154434451 45.30375710183196 247.57511804083958 45.31645353081413 247.58241482951462 45.338631937720365 247.6441122053852 45.32582160485739 247.6372154434451 45.30375710183196 POLYGON 247.64428457892237 45.326162730927344 247.58258679820858 45.33910522315071 247.58977999360476 45.360798886749 247.59007751134908 45.36099704793094 247.6510926327055 45.347874661847335 247.64428457892237 45.326162730927344,mast:HST/product/hst_12898_24_wfc3_uvis_total_ibzi24_drc.jpg,mast:HST/product/hst_12898_24_wfc3_uvis_total_ibzi24_drc.fits,PUBLIC,False,,26580643,938737843,,
science,HST,HAP-SVM,WFC3/UVIS,HAP,F390W,OPTICAL,SDSS-J234111.57+000018.6,GALAXY;GRAVITATIONAL LENS,hst_12898_30_wfc3_uvis_f390w_ibzi30,355.2982083333,0.005194444444444,image,"Koopmans, Leon",3,56448.95002723,56448.98095295,2276.0,OPTICAL,331.2,443.0,--,56814.19611107,12898,HAP,--,POLYGON 355.27831670868864 -0.01120683733155722 355.2971252032366 0.02989891034101856 355.3181898345314 0.021754797226439127 355.2992492739129 -0.019064802303806784 355.27831670868864 -0.01120683733155722 POLYGON 355.2968060421128 0.02995393813836016 355.2780415698176 -0.011140803998776918 355.2568338673736 -0.0032498210174602836 355.27549928500673 0.03825212500603653 355.2968060421128 0.02995393813836016,mast:HST/product/hst_12898_30_wfc3_uvis_f390w_ibzi30_drc.jpg,mast:HST/product/hst_12898_30_wfc3_uvis_f390w_ibzi30_drc.fits,PUBLIC,False,,26580623,938737855,331.2,443.0
science,HST,HAP-SVM,WFC3/UVIS,HAP,F390W,OPTICAL,SDSS-J163028.16+452036.2,GALAXY;GRAVITATIONAL LENS,hst_12898_26_wfc3_uvis_f390w_ibzi26,247.6172916667,45.34341666667,image,"Koopmans, Leon",3,56467.74966897,56467.81704136,2284.0,OPTICAL,331.2,443.0,--,56832.96649293,12898,HAP,--,POLYGON 247.63726403684282 45.30378705576624 247.57518231230944 45.3164174902896 247.58244775247826 45.338705938790305 247.64411386620662 45.325851567098354 247.63726403684282 45.30378705576624 POLYGON 247.6441766291447 45.326126689199846 247.58266679514105 45.33899214237195 247.58982857995355 45.360938920854295 247.65109433238376 45.3479486448571 247.6441766291447 45.326126689199846,mast:HST/product/hst_12898_26_wfc3_uvis_f390w_ibzi26_drc.jpg,mast:HST/product/hst_12898_26_wfc3_uvis_f390w_ibzi26_drc.fits,PUBLIC,False,,26580897,938737875,331.2,443.0
science,HST,HAP-SVM,WFC3/UVIS,HAP,F390W,OPTICAL,SDSS-J143004.10+410557.1,GALAXY;GRAVITATIONAL LENS,hst_12898_20_wfc3_uvis_f390w_ibzi20,217.5170833333,41.09919444444,image,"Koopmans, Leon",3,56417.62745702,56417.65833644,2272.0,OPTICAL,331.2,443.0,--,56783.64365735,12898,HAP,--,POLYGON 217.5254565299433 41.057482548420914 217.47176290943545 41.078200297815364 217.48403283792862 41.09907033210961 217.53731618261713 41.07819290132668 217.5254565299433 41.057482548420914 POLYGON 217.53743309235452 41.078468013453055 217.4842663667083 41.09942256389719 217.49651507905676 41.1200051225192 217.54930017247156 41.098946021533955 217.53743309235452 41.078468013453055,mast:HST/product/hst_12898_20_wfc3_uvis_f390w_ibzi20_drc.jpg,mast:HST/product/hst_12898_20_wfc3_uvis_f390w_ibzi20_drc.fits,PUBLIC,False,,26580976,938737887,331.2,443.0
science,HST,HAP-SVM,WFC3/UVIS,HAP,detection,--,SDSS-J234111.57+000018.6,GALAXY;GRAVITATIONAL LENS,hst_12898_30_wfc3_uvis_total_ibzi30,355.2982083333,0.005194444444444,image,"Koopmans, Leon",3,56448.95002723,56448.98095295,2276.0,--,,,--,56814.19611107,12898,HAP,--,POLYGON 355.2783717364648 -0.011294881765298616 355.2971362087914 0.0298548881241372 355.3181898345314 0.021754797226439127 355.2991722350331 -0.019042791203752192 355.2783717364648 -0.011294881765298616 POLYGON 355.2568558784731 -0.0031947932508664726 355.27549928500673 0.03825212500603653 355.29678403100297 0.030041982572017133 355.27800855315303 -0.011129798443707069 355.2568558784731 -0.0031947932508664726,mast:HST/product/hst_12898_30_wfc3_uvis_total_ibzi30_drc.jpg,mast:HST/product/hst_12898_30_wfc3_uvis_total_ibzi30_drc.fits,PUBLIC,False,,26580661,938737896,,
science,HST,HAP-SVM,WFC3/UVIS,HAP,F390W,OPTICAL,SDSS-J143004.10+410557.1,GALAXY;GRAVITATIONAL LENS,hst_12898_19_wfc3_uvis_f390w_ibzi19,217.5170833333,41.09919444444,image,"Koopmans, Leon",3,56414.97956369,56415.05276941,2272.0,OPTICAL,331.2,443.0,--,56780.15194435,12898,HAP,--,POLYGON 217.52545603694986 41.05748281319903 217.47176241621725 41.07820056258089 217.48411995813868 41.09910363386775 217.537315689663 41.07819316610756 217.52545603694986 41.05748281319903 POLYGON 217.53743259940074 41.07846827823396 217.48432431401207 41.09936781433706 217.49651458592098 41.120005387290554 217.54929967955732 41.09894628631762 217.53743259940074 41.07846827823396,mast:HST/product/hst_12898_19_wfc3_uvis_f390w_ibzi19_drc.jpg,mast:HST/product/hst_12898_19_wfc3_uvis_f390w_ibzi19_drc.fits,PUBLIC,False,,26580656,938737905,331.2,443.0
science,HST,HAP-SVM,WFC3/UVIS,HAP,detection,--,SDSS-J163028.16+452036.2,GALAXY;GRAVITATIONAL LENS,hst_12898_26_wfc3_uvis_total_ibzi26,247.6172916667,45.34341666667,image,"Koopmans, Leon",3,56467.74966897,56467.81704136,2284.0,--,,,--,56832.96649293,12898,HAP,--,POLYGON 247.6372640414587 45.3037980613181 247.5750883697756 45.316472486614884 247.58243211959635 45.33866191233174 247.6441294958793 45.32580754070009 247.6372640414587 45.3037980613181 POLYGON 247.6442705684143 45.326159680680185 247.58277638895237 45.339003177359984 247.58257280438812 45.33908016148964 247.58263530697 45.3393112950033 247.5898285661476 45.360971937509944 247.6510786216637 45.34787161112666 247.6442705684143 45.326159680680185,mast:HST/product/hst_12898_26_wfc3_uvis_total_ibzi26_drc.jpg,mast:HST/product/hst_12898_26_wfc3_uvis_total_ibzi26_drc.fits,PUBLIC,False,,26580904,938737933,,
science,HST,HAP-SVM,WFC3/UVIS,HAP,detection,--,SDSS-J143004.10+410557.1,GALAXY;GRAVITATIONAL LENS,hst_12898_20_wfc3_uvis_total_ibzi20,217.5170833333,41.09919444444,image,"Koopmans, Leon",3,56417.62745702,56417.65833644,2272.0,--,,,--,56783.64365735,12898,HAP,--,POLYGON 217.52535435360747 41.0574385390165 217.47176290943545 41.078200297815364 217.48413507373866 41.099059350264824 217.53728697411097 41.07817089688122 217.52535435360747 41.0574385390165 POLYGON 217.53747690094292 41.07849001450911 217.48433939837682 41.099400569586265 217.49651507905676 41.1200051225192 217.54925632701605 41.098891008305046 217.53747690094292 41.07849001450911,mast:HST/product/hst_12898_20_wfc3_uvis_total_ibzi20_drc.jpg,mast:HST/product/hst_12898_20_wfc3_uvis_total_ibzi20_drc.fits,PUBLIC,False,,26580980,938737940,,
science,HST,HAP-SVM,WFC3/UVIS,HAP,detection,--,SDSS-J143004.10+410557.1,GALAXY;GRAVITATIONAL LENS,hst_12898_19_wfc3_uvis_total_ibzi19,217.5170833333,41.09919444444,image,"Koopmans, Leon",3,56414.97956369,56415.05276941,2272.0,--,,,--,56780.15194435,12898,HAP,--,POLYGON 217.52535386061365 41.0574388037946 217.4717185642106 41.07828859217131 217.48413458056163 41.09905961503327 217.53728648115674 41.07817116166208 217.52535386061365 41.0574388037946 POLYGON 217.5374764079893 41.07849027929003 217.48433890520047 41.09940083435475 217.49651458592098 41.120005387290554 217.5492558341016 41.09889127308869 217.5374764079893 41.07849027929003,mast:HST/product/hst_12898_19_wfc3_uvis_total_ibzi19_drc.jpg,mast:HST/product/hst_12898_19_wfc3_uvis_total_ibzi19_drc.fits,PUBLIC,False,,26580680,938737957,,
science,HST,HAP-SVM,WFC3/UVIS,HAP,F390W,OPTICAL,SDSS-J095629.78+510006.6,GALAXY;GRAVITATIONAL LENS,hst_12898_17_wfc3_uvis_f390w_ibzi17,149.1240833333,51.00183333333,image,"Koopmans, Leon",3,56551.10757602,56551.13868692,2292.0,OPTICAL,331.2,443.0,--,56916.27119209,12898,HAP,--,POLYGON 149.15598391142717 50.98534781135617 149.0865690316588 50.99611871735459 149.09234051732724 51.01813169068346 149.162294364684 51.007533291938564 149.15598391142717 50.98534781135617 POLYGON 149.16229462256356 51.007874464101434 149.09249773173335 51.018450898529295 149.09836213872765 51.040771756109066 149.16873395277406 51.03038972812135 149.16229462256356 51.007874464101434,mast:HST/product/hst_12898_17_wfc3_uvis_f390w_ibzi17_drc.jpg,mast:HST/product/hst_12898_17_wfc3_uvis_f390w_ibzi17_drc.fits,PUBLIC,False,,26579209,938738010,331.2,443.0
science,HST,HAP-SVM,WFC3/UVIS,HAP,detection,--,SDSS-J095629.78+510006.6,GALAXY;GRAVITATIONAL LENS,hst_12898_17_wfc3_uvis_total_ibzi17,149.1240833333,51.00183333333,image,"Koopmans, Leon",3,56551.10757602,56551.13868692,2292.0,--,,,--,56916.27119209,12898,HAP,--,POLYGON 149.1559139611198 50.9853148118413 149.08660393724747 50.9961957683547 149.0923230639249 51.018076657703276 149.09256795840332 51.01812075264604 149.16225937470026 51.00752229684736 149.1559139611198 50.9853148118413 POLYGON 149.16245209974417 51.00795145576605 149.0925152019656 51.01848392037612 149.09836213872765 51.040771756109066 149.16880391113554 51.030345681103995 149.16245209974417 51.00795145576605,mast:HST/product/hst_12898_17_wfc3_uvis_total_ibzi17_drc.jpg,mast:HST/product/hst_12898_17_wfc3_uvis_total_ibzi17_drc.fits,PUBLIC,False,,26579217,938738051,,
science,HST,HAP-SVM,WFC3/UVIS,HAP,F390W,OPTICAL,SDSS-J073728.44+321618.6,GALAXY;GRAVITATIONAL LENS,hst_12898_04_wfc3_uvis_f390w_ibzi04,114.3685,32.27183333333,image,"Koopmans, Leon",3,56319.05692228,56319.13279022,2260.0,OPTICAL,331.2,443.0,--,56684.27578699,12898,HAP,--,POLYGON 114.37668085380558 32.230400831492595 114.32845699279454 32.25045994535861 114.33907017430246 32.27149401628815 114.3868733897648 32.251298881622425 114.37668085380558 32.230400831492595 POLYGON 114.3870686734598 32.25161800604527 114.33921327707215 32.2717801877664 114.34966223248777 32.29257121837409 114.39712268779604 32.27220710521152 114.3870686734598 32.25161800604527,mast:HST/product/hst_12898_04_wfc3_uvis_f390w_ibzi04_drc.jpg,mast:HST/product/hst_12898_04_wfc3_uvis_f390w_ibzi04_drc.fits,PUBLIC,False,,26579218,938741083,331.2,443.0
science,HST,HAP-SVM,WFC3/UVIS,HAP,detection,--,SDSS-J073728.44+321618.6,GALAXY;GRAVITATIONAL LENS,hst_12898_04_wfc3_uvis_total_ibzi04,114.3685,32.27183333333,image,"Koopmans, Leon",3,56319.05692228,56319.13279022,2260.0,--,,,--,56684.27578699,12898,HAP,--,POLYGON 114.37671988967159 32.23043384397853 114.32845699279454 32.25045994535861 114.33907018305482 32.271460999624686 114.38686036783173 32.251265867392085 114.37671988967159 32.23043384397853 POLYGON 114.38700360382748 32.251607012743456 114.33918721556238 32.2718902384029 114.34963619731623 32.29254920450296 114.39708361419801 32.27214108234387 114.38700360382748 32.251607012743456,mast:HST/product/hst_12898_04_wfc3_uvis_total_ibzi04_drc.jpg,mast:HST/product/hst_12898_04_wfc3_uvis_total_ibzi04_drc.fits,PUBLIC,False,,26579225,938741140,,
science,HST,HAP-SVM,WFC3/UVIS,HAP,F390W,OPTICAL,SDSS-J090315.19+411609.2,GALAXY;GRAVITATIONAL LENS,hst_12898_08_wfc3_uvis_f390w_ibzi08,135.8132916667,41.26922222222,image,"Koopmans, Leon",3,56372.61846281,56372.64934223,2272.0,OPTICAL,331.2,443.0,--,56737.90848376,12898,HAP,--,POLYGON 135.85338185702017 41.23966386356826 135.79378740183253 41.23190848867087 135.7869431271921 41.25417116498366 135.84629341106512 41.26162197700441 135.85338185702017 41.23966386356826 POLYGON 135.84623498726694 41.2619301474894 135.78688441497883 41.2545123220584 135.7802405653744 41.276543537172 135.83925879843198 41.28363467229172 135.84623498726694 41.2619301474894,mast:HST/product/hst_12898_08_wfc3_uvis_f390w_ibzi08_drc.jpg,mast:HST/product/hst_12898_08_wfc3_uvis_f390w_ibzi08_drc.fits,PUBLIC,False,,26580352,938741191,331.2,443.0
science,HST,HAP-SVM,WFC3/UVIS,HAP,detection,--,SDSS-J090315.19+411609.2,GALAXY;GRAVITATIONAL LENS,hst_12898_08_wfc3_uvis_total_ibzi08,135.8132916667,41.26922222222,image,"Koopmans, Leon",3,56372.61846281,56372.64934223,2272.0,--,,,--,56737.90848376,12898,HAP,--,POLYGON 135.85330865930433 41.23963087010124 135.79369957778422 41.23196349898105 135.7870163226775 41.25417118381668 135.8462933961138 41.261588960342266 135.85330865930433 41.23963087010124 POLYGON 135.84616178308556 41.26193016616236 135.78679652952331 41.25462235489297 135.78016736329946 41.2765104973811 135.83925877563397 41.28356863897661 135.84616178308556 41.26193016616236,mast:HST/product/hst_12898_08_wfc3_uvis_total_ibzi08_drc.jpg,mast:HST/product/hst_12898_08_wfc3_uvis_total_ibzi08_drc.fits,PUBLIC,False,,26580366,938741249,,
science,HST,HAP-SVM,WFC3/UVIS,HAP,F390W,OPTICAL,SDSS-J090315.19+411609.2,GALAXY;GRAVITATIONAL LENS,hst_12898_05_wfc3_uvis_f390w_ibzi05,135.8132916667,41.26922222222,image,"Koopmans, Leon",3,56371.5066917,56371.56864779,2272.0,OPTICAL,331.2,443.0,--,56737.61795127,12898,HAP,--,POLYGON 135.85338120281705 41.239663362207395 135.7937867480865 41.23190798730995 135.78694247349873 41.25417066362277 135.84629275691617 41.26162147564352 135.85338120281705 41.239663362207395 POLYGON 135.84623433311845 41.261929646128515 135.78698623549982 41.25451184710299 135.78679588087252 41.25461084797808 135.78016670965832 41.27650999602023 135.83925814433692 41.28363417093082 135.84623433311845 41.261929646128515,mast:HST/product/hst_12898_05_wfc3_uvis_f390w_ibzi05_drc.jpg,mast:HST/product/hst_12898_05_wfc3_uvis_f390w_ibzi05_drc.fits,PUBLIC,False,,26580593,938741341,331.2,443.0
science,HST,HAP-SVM,WFC3/UVIS,HAP,detection,--,SDSS-J090315.19+411609.2,GALAXY;GRAVITATIONAL LENS,hst_12898_05_wfc3_uvis_total_ibzi05,135.8132916667,41.26922222222,image,"Koopmans, Leon",3,56371.5066917,56371.56864779,2272.0,--,,,--,56737.61795127,12898,HAP,--,POLYGON 135.8532933692644 41.23963037337271 135.79369892403886 41.231962997620144 135.78701566898354 41.25417068245578 135.84629274196485 41.26158845898138 135.8532933692644 41.23963037337271 POLYGON 135.84616112893764 41.26192966480147 135.78679587583107 41.25462185353208 135.7802399117327 41.276543035811144 135.8392581215389 41.28356813761569 135.84616112893764 41.26192966480147,mast:HST/product/hst_12898_05_wfc3_uvis_total_ibzi05_drc.jpg,mast:HST/product/hst_12898_05_wfc3_uvis_total_ibzi05_drc.fits,PUBLIC,False,,26580629,938741410,,
science,HST,HAP-SVM,WFC3/UVIS,HAP,F390W,OPTICAL,SDSS-J090315.19+411609.2,GALAXY;GRAVITATIONAL LENS,hst_12898_06_wfc3_uvis_f390w_ibzi06,135.8132916667,41.26922222222,image,"Koopmans, Leon",3,56371.62171503,56371.65259445,2272.0,OPTICAL,331.2,443.0,--,56737.13439807,12898,HAP,--,POLYGON 135.85338188646605 41.2396638515309 135.79378743128936 41.2319084766335 135.7869431566502 41.25417115294629 135.84629344051234 41.26162196496706 135.85338188646605 41.2396638515309 POLYGON 135.78735287820047 41.25455645220635 135.78679656402292 41.2546113373016 135.78024059483377 41.27654352513465 135.83925882788046 41.28363466025437 135.84620572510352 41.26190813181869 135.78735287820047 41.25455645220635,mast:HST/product/hst_12898_06_wfc3_uvis_f390w_ibzi06_drc.jpg,mast:HST/product/hst_12898_06_wfc3_uvis_f390w_ibzi06_drc.fits,PUBLIC,False,,26580596,938741433,331.2,443.0
science,HST,HAP-SVM,WFC3/UVIS,HAP,detection,--,SDSS-J090315.19+411609.2,GALAXY;GRAVITATIONAL LENS,hst_12898_06_wfc3_uvis_total_ibzi06,135.8132916667,41.26922222222,image,"Koopmans, Leon",3,56371.62171503,56371.65259445,2272.0,--,,,--,56737.13439807,12898,HAP,--,POLYGON 135.85330868875022 41.23963085806389 135.79388986621836 41.2319195024619 135.793655662144 41.23208453926909 135.78701635213557 41.25417117177932 135.84629342556093 41.26158894830491 135.85330868875022 41.23963085806389 POLYGON 135.84616181253278 41.261930154125 135.78679655898145 41.25462234285561 135.7801673927588 41.27651048534374 135.8392588050824 41.28356862693923 135.84616181253278 41.261930154125,mast:HST/product/hst_12898_06_wfc3_uvis_total_ibzi06_drc.jpg,mast:HST/product/hst_12898_06_wfc3_uvis_total_ibzi06_drc.fits,PUBLIC,False,,26580631,938741493,,
science,HST,HAP-SVM,WFC3/UVIS,HAP,F390W,OPTICAL,SDSS-J090315.19+411609.2,GALAXY;GRAVITATIONAL LENS,hst_12898_10_wfc3_uvis_f390w_ibzi10,135.8132916667,41.26922222222,image,"Koopmans, Leon",3,56372.76168022,56372.83073112,2272.0,OPTICAL,331.2,443.0,--,56738.04234957,12898,HAP,--,POLYGON 135.85338121982664 41.239663911732514 135.7937867645951 41.23190853683512 135.78701567042188 41.254204248643006 135.8462927738664 41.26162202516867 135.85338121982664 41.239663911732514 POLYGON 135.84623435006816 41.261930195653655 135.78700089112462 41.25451240039292 135.78679589732215 41.254611397503204 135.78018142557784 41.27641150020626 135.78050350382 41.276576684892554 135.83925816122806 41.28363472045599 135.84623435006816 41.261930195653655,mast:HST/product/hst_12898_10_wfc3_uvis_f390w_ibzi10_drc.jpg,mast:HST/product/hst_12898_10_wfc3_uvis_f390w_ibzi10_drc.fits,PUBLIC,False,,26580408,938741570,331.2,443.0
science,HST,HAP-SVM,WFC3/UVIS,HAP,detection,--,SDSS-J090315.19+411609.2,GALAXY;GRAVITATIONAL LENS,hst_12898_10_wfc3_uvis_total_ibzi10,135.8132916667,41.26922222222,image,"Koopmans, Leon",3,56372.76168022,56372.83073112,2272.0,--,,,--,56738.04234957,12898,HAP,--,POLYGON 135.85330802211075 41.23963091826549 135.79369894054673 41.23196354714532 135.78701568543502 41.25417123198093 135.84629275891504 41.26158900850652 135.85330802211075 41.23963091826549 POLYGON 135.84616114588673 41.26193021432661 135.7867958922807 41.254622403057226 135.78023992812695 41.276543585336256 135.83925813843007 41.283568687140864 135.84616114588673 41.26193021432661,mast:HST/product/hst_12898_10_wfc3_uvis_total_ibzi10_drc.jpg,mast:HST/product/hst_12898_10_wfc3_uvis_total_ibzi10_drc.fits,PUBLIC,False,,26580425,938741620,,
science,HST,HAP-SVM,WFC3/UVIS,HAP,F390W,OPTICAL,SDSS-J091205.31+002901.1,GALAXY;GRAVITATIONAL LENS,hst_12898_15_wfc3_uvis_f390w_ibzi15,138.022125,0.4836666666667,image,"Koopmans, Leon",3,56429.37319776,56429.40412348,2276.0,OPTICAL,331.2,443.0,--,56794.5783564,12898,HAP,--,POLYGON 138.0571599790139 0.4605022002100176 138.01467719430428 0.4443461028672104 138.00539917006319 0.46525663379721105 138.0477389839773 0.4810385993945652 138.0571599790139 0.4605022002100176 POLYGON 138.0475738956154 0.481291727660276 138.0052891100166 0.4655427778850952 137.99613209741955 0.4860570966845802 137.99622014418608 0.4862441914897738 138.03832893809317 0.5016410193779989 138.0475738956154 0.481291727660276,mast:HST/product/hst_12898_15_wfc3_uvis_f390w_ibzi15_drc.jpg,mast:HST/product/hst_12898_15_wfc3_uvis_f390w_ibzi15_drc.fits,PUBLIC,False,,26580341,938741685,331.2,443.0
science,HST,HAP-SVM,WFC3/UVIS,HAP,detection,--,SDSS-J091205.31+002901.1,GALAXY;GRAVITATIONAL LENS,hst_12898_15_wfc3_uvis_total_ibzi15,138.022125,0.4836666666667,image,"Koopmans, Leon",3,56429.37319776,56429.40412348,2276.0,--,,,--,56794.5783564,12898,HAP,--,POLYGON 138.0571599790139 0.4605022002100176 138.01467719430428 0.4443461028672104 138.0054101760808 0.4652236171664944 138.04774998981839 0.48100558269662735 138.0571599790139 0.4605022002100176 POLYGON 138.0476069136423 0.4813577608862054 138.00527810399794 0.46557579451562725 137.9961210908429 0.48620016882978473 138.03839497381546 0.5015639803907147 138.0476069136423 0.4813577608862054,mast:HST/product/hst_12898_15_wfc3_uvis_total_ibzi15_drc.jpg,mast:HST/product/hst_12898_15_wfc3_uvis_total_ibzi15_drc.fits,PUBLIC,False,,26580343,938741747,,
science,HST,HAP-SVM,WFC3/UVIS,HAP,F390W,OPTICAL,SDSS-J090315.19+411609.2,GALAXY;GRAVITATIONAL LENS,hst_12898_07_wfc3_uvis_f390w_ibzi07,135.8132916667,41.26922222222,image,"Koopmans, Leon",3,56372.50365948,56372.56540705,2272.0,OPTICAL,331.2,443.0,--,56737.69102997,12898,HAP,--,POLYGON 135.8533811524672 41.239663357856436 135.79378669774061 41.23190798295898 135.78694242315336 41.254170659271814 135.84629270656683 41.26162147129257 135.8533811524672 41.239663357856436 POLYGON 135.84623428276907 41.261929641777556 135.78689835011392 41.254511820124335 135.78016665931338 41.276509991669286 135.839258093988 41.28363416657986 135.84623428276907 41.261929641777556,mast:HST/product/hst_12898_07_wfc3_uvis_f390w_ibzi07_drc.jpg,mast:HST/product/hst_12898_07_wfc3_uvis_f390w_ibzi07_drc.fits,PUBLIC,False,,26580614,938761315,331.2,443.0
science,HST,HAP-SVM,WFC3/UVIS,HAP,F390W,OPTICAL,SDSS-J090315.19+411609.2,GALAXY;GRAVITATIONAL LENS,hst_12898_09_wfc3_uvis_f390w_ibzi09,135.8132916667,41.26922222222,image,"Koopmans, Leon",3,56372.68637948,56372.7172589,2272.0,OPTICAL,331.2,443.0,--,56737.85440965,12898,HAP,--,POLYGON 135.85338175994693 41.23966388172467 135.79378730474272 41.23190850682728 135.7869430301004 41.25417118314008 135.84629331398992 41.26162199516082 135.85338175994693 41.23966388172467 POLYGON 135.78735275165081 41.25455648240012 135.78679643747301 41.254611367495365 135.78024046828082 41.276543555328416 135.83931727274486 41.283601662348836 135.8462055985811 41.26190816201245 135.78735275165081 41.25455648240012,mast:HST/product/hst_12898_09_wfc3_uvis_f390w_ibzi09_drc.jpg,mast:HST/product/hst_12898_09_wfc3_uvis_f390w_ibzi09_drc.fits,PUBLIC,False,,26579083,938761323,331.2,443.0
science,HST,HAP-SVM,WFC3/UVIS,HAP,detection,--,SDSS-J090315.19+411609.2,GALAXY;GRAVITATIONAL LENS,hst_12898_07_wfc3_uvis_total_ibzi07,135.8132916667,41.26922222222,image,"Koopmans, Leon",3,56372.50365948,56372.56540705,2272.0,--,,,--,56737.69102997,12898,HAP,--,POLYGON 135.85338116481958 41.23968536896077 135.79369887369302 41.231962993269185 135.78701561863815 41.25417067810483 135.84629269161547 41.26158845463042 135.85338116481958 41.23968536896077 POLYGON 135.8461610785883 41.26192966045051 135.78679582548568 41.25462184918112 135.78023986138774 41.27654303146019 135.83925807119002 41.283568133264744 135.8461610785883 41.26192966045051,mast:HST/product/hst_12898_07_wfc3_uvis_total_ibzi07_drc.jpg,mast:HST/product/hst_12898_07_wfc3_uvis_total_ibzi07_drc.fits,PUBLIC,False,,26580652,938761384,,
science,HST,HAP-SVM,WFC3/UVIS,HAP,detection,--,SDSS-J090315.19+411609.2,GALAXY;GRAVITATIONAL LENS,hst_12898_09_wfc3_uvis_total_ibzi09,135.8132916667,41.26922222222,image,"Koopmans, Leon",3,56372.68637948,56372.7172589,2272.0,--,,,--,56737.85440965,12898,HAP,--,POLYGON 135.85330856223106 41.23963088825765 135.7936994806944 41.231963517137466 135.78701622558577 41.25417120197308 135.84629329903856 41.26158897849868 135.85330856223106 41.23963088825765 POLYGON 135.8461616860103 41.261930184318786 135.78684038023036 41.25455635108645 135.78016726620584 41.2765105155375 135.8392586785568 41.28356865713302 135.8461616860103 41.261930184318786,mast:HST/product/hst_12898_09_wfc3_uvis_total_ibzi09_drc.jpg,mast:HST/product/hst_12898_09_wfc3_uvis_total_ibzi09_drc.fits,PUBLIC,False,,26579092,938761391,,
science,HST,HAP-SVM,WFC3/UVIS,HAP,F390W,OPTICAL,SDSS-J091205.31+002901.1,GALAXY;GRAVITATIONAL LENS,hst_12898_13_wfc3_uvis_f390w_ibzi13,138.022125,0.4836666666667,image,"Koopmans, Leon",3,56419.69124184,56419.76735274,2276.0,OPTICAL,331.2,443.0,--,56784.92883089,12898,HAP,--,POLYGON 138.0571524854379 0.46051334390022225 138.01466969974712 0.44434624064935063 138.00534765187004 0.46517973302194504 138.04769847235323 0.4810497436386467 138.0571524854379 0.46051334390022225 POLYGON 138.00552374513754 0.465641966852983 138.0051605499233 0.4656199546493104 137.99611359587834 0.48620030752997023 138.03828842612782 0.5016411584760428 138.04761042565062 0.48132488278173935 138.00552374513754 0.465641966852983,mast:HST/product/hst_12898_13_wfc3_uvis_f390w_ibzi13_drc.jpg,mast:HST/product/hst_12898_13_wfc3_uvis_f390w_ibzi13_drc.fits,PUBLIC,False,,26579411,938761410,331.2,443.0
science,HST,HAP-SVM,WFC3/UVIS,HAP,detection,--,SDSS-J091205.31+002901.1,GALAXY;GRAVITATIONAL LENS,hst_12898_13_wfc3_uvis_total_ibzi13,138.022125,0.4836666666667,image,"Koopmans, Leon",3,56419.69124184,56419.76735274,2276.0,--,,,--,56784.92883089,12898,HAP,--,POLYGON 138.0571524854379 0.46051334390022225 138.01466969974712 0.44434624064935063 138.0054136872372 0.46522375543960276 138.0477645078714 0.4810057212145956 138.0571524854379 0.46051334390022225 POLYGON 138.04759941984145 0.4813689050350215 138.00527060923446 0.46557593276344533 137.99609158412613 0.48616729076956605 138.03835446187063 0.5015751250402878 138.04759941984145 0.4813689050350215,mast:HST/product/hst_12898_13_wfc3_uvis_total_ibzi13_drc.jpg,mast:HST/product/hst_12898_13_wfc3_uvis_total_ibzi13_drc.fits,PUBLIC,False,,26579416,938761482,,
science,HST,HAP-SVM,WFC3/UVIS,HAP,F390W,OPTICAL,SDSS-J091205.31+002901.1,GALAXY;GRAVITATIONAL LENS,hst_12898_11_wfc3_uvis_f390w_ibzi11,138.022125,0.4836666666667,image,"Koopmans, Leon",3,56428.11067443,56428.14160052,2276.0,OPTICAL,331.2,443.0,--,56793.38163194,12898,HAP,--,POLYGON 138.0571516566761 0.46050191554529885 138.01466887196815 0.44434581820245683 138.00534682422872 0.465201321227233 138.04773066163983 0.4810383147298232 138.0571516566761 0.46050191554529885 POLYGON 138.0475875851958 0.48130244848237697 138.00520374622639 0.4655534985418491 137.99613478035613 0.48621088981779126 138.03835363366412 0.5016297291012778 138.0475875851958 0.48130244848237697,mast:HST/product/hst_12898_11_wfc3_uvis_f390w_ibzi11_drc.jpg,mast:HST/product/hst_12898_11_wfc3_uvis_f390w_ibzi11_drc.fits,PUBLIC,False,,26580672,938761525,331.2,443.0
science,HST,HAP-SVM,WFC3/UVIS,HAP,detection,--,SDSS-J091205.31+002901.1,GALAXY;GRAVITATIONAL LENS,hst_12898_11_wfc3_uvis_total_ibzi11,138.022125,0.4836666666667,image,"Koopmans, Leon",3,56428.11067443,56428.14160052,2276.0,--,,,--,56793.38163194,12898,HAP,--,POLYGON 138.01466887196815 0.44434581820245683 138.00536883612946 0.46517931018426906 138.04774166748092 0.48100529803188535 138.05715165682165 0.46053493220561786 138.01466887196815 0.44434581820245683 POLYGON 138.04759859130485 0.481357476221463 138.00526978166224 0.46557550985088986 137.9961017626559 0.4861778730085088 138.0383756455029 0.5015636957458216 138.04759859130485 0.481357476221463,mast:HST/product/hst_12898_11_wfc3_uvis_total_ibzi11_drc.jpg,mast:HST/product/hst_12898_11_wfc3_uvis_total_ibzi11_drc.fits,PUBLIC,False,,26580699,938761617,,
science,HST,HAP-SVM,WFC3/UVIS,HAP,F390W,OPTICAL,SDSS-J073728.44+321618.6,GALAXY;GRAVITATIONAL LENS,hst_12898_03_wfc3_uvis_f390w_ibzi03,114.3685,32.27183333333,image,"Koopmans, Leon",3,56318.57429487,56318.6050354,2260.0,OPTICAL,331.2,443.0,--,56683.70541655,12898,HAP,--,POLYGON 114.37665423823749 32.23040501934114 114.32841735517086 32.250475131002 114.33903053578976 32.27149819838951 114.38684677499634 32.25131407591813 114.37665423823749 32.23040501934114 POLYGON 114.38695095078708 32.25157818972197 114.33916060482325 32.27185040076578 114.34968768823683 32.29255339828255 114.39708305589345 32.27222230388606 114.38695095078708 32.25157818972197,mast:HST/product/hst_12898_03_wfc3_uvis_f390w_ibzi03_drc.jpg,mast:HST/product/hst_12898_03_wfc3_uvis_f390w_ibzi03_drc.fits,PUBLIC,False,,26579518,938761852,331.2,443.0
science,HST,HAP-SVM,WFC3/UVIS,HAP,detection,--,SDSS-J073728.44+321618.6,GALAXY;GRAVITATIONAL LENS,hst_12898_03_wfc3_uvis_total_ibzi03,114.3685,32.27183333333,image,"Koopmans, Leon",3,56318.57429487,56318.6050354,2260.0,--,,,--,56683.70541655,12898,HAP,--,POLYGON 114.37665423823749 32.23040501934114 114.32841735517086 32.250475131002 114.33904356366303 32.2714541786408 114.3868337530651 32.25128106168666 114.37665423823749 32.23040501934114 POLYGON 114.38696397280353 32.25161120394146 114.33917362687792 32.27182839211279 114.34968768823683 32.29255339828255 114.39704397819185 32.27214527545751 114.38696397280353 32.25161120394146,mast:HST/product/hst_12898_03_wfc3_uvis_total_ibzi03_drc.jpg,mast:HST/product/hst_12898_03_wfc3_uvis_total_ibzi03_drc.fits,PUBLIC,False,,26579526,938761911,,
science,HST,HAP-SVM,WFC3/UVIS,HAP,F390W,OPTICAL,SDSS-J162746.44-005357.5,GALAXY;GRAVITATIONAL LENS,hst_12898_21_wfc3_uvis_f390w_ibzi21,246.9435416667,-0.8993333333333,image,"Koopmans, Leon",3,56459.63097612,56459.66190184,2276.0,OPTICAL,331.2,443.0,--,56824.77706009,12898,HAP,--,POLYGON 246.9692692262815 -0.932783597671533 246.92378824116483 -0.9342253509265388 246.92180712160857 -0.9114878640032877 246.96704566951314 -0.9102992654209533 246.9692692262815 -0.932783597671533 POLYGON 246.96700163995723 -0.9100131212730873 246.9218181308439 -0.9111246807679542 246.91992508989526 -0.8886183103987119 246.9648771745435 -0.887770908729279 246.96700163995723 -0.9100131212730873,mast:HST/product/hst_12898_21_wfc3_uvis_f390w_ibzi21_drc.jpg,mast:HST/product/hst_12898_21_wfc3_uvis_f390w_ibzi21_drc.fits,PUBLIC,False,,26580637,938762022,331.2,443.0
science,HST,HAP-SVM,WFC3/UVIS,HAP,detection,--,SDSS-J162746.44-005357.5,GALAXY;GRAVITATIONAL LENS,hst_12898_21_wfc3_uvis_total_ibzi21,246.9435416667,-0.8993333333333,image,"Koopmans, Leon",3,56459.63097612,56459.66190184,2276.0,--,,,--,56824.77706009,12898,HAP,--,POLYGON 246.96921419137558 -0.9328056091636603 246.92378824116483 -0.9342253509265388 246.92185114946426 -0.9114768587260814 246.96702365576448 -0.9103212766677075 246.96921419137558 -0.9328056091636603 POLYGON 246.9670016397514 -0.9099801046089651 246.9218511518189 -0.9111026698665483 246.9198810620883 -0.8886623323168392 246.96485516116675 -0.8878369421689207 246.9670016397514 -0.9099801046089651,mast:HST/product/hst_12898_21_wfc3_uvis_total_ibzi21_drc.jpg,mast:HST/product/hst_12898_21_wfc3_uvis_total_ibzi21_drc.fits,PUBLIC,False,,26580668,938762091,,
science,HST,HAP-SVM,WFC3/UVIS,HAP,F390W,OPTICAL,SDSS-J095944.07+041017.0,GALAXY;GRAVITATIONAL LENS,hst_12898_18_wfc3_uvis_f390w_ibzi18,149.933625,4.171388888889,image,"Koopmans, Leon",3,56450.17614983,56450.20707554,2276.0,OPTICAL,331.2,443.0,--,56815.38725688,12898,HAP,--,POLYGON 149.9688940307182 4.148064538120068 149.92631229509945 4.131974918071508 149.91703193957025 4.152896281954882 149.9595042608854 4.16863422617571 149.9688940307182 4.148064538120068 POLYGON 149.95934978148827 4.168898363618982 149.91692158654092 4.153182423409856 149.90775109550304 4.173729492476873 149.9078172984444 4.17388357278355 149.95010296504492 4.189247825536757 149.95934978148827 4.168898363618982,mast:HST/product/hst_12898_18_wfc3_uvis_f390w_ibzi18_drc.jpg,mast:HST/product/hst_12898_18_wfc3_uvis_f390w_ibzi18_drc.fits,PUBLIC,False,,26578865,938762114,331.2,443.0
science,HST,HAP-SVM,WFC3/UVIS,HAP,F390W,OPTICAL,SDSS-J234111.57+000018.6,GALAXY;GRAVITATIONAL LENS,hst_12898_29_wfc3_uvis_f390w_ibzi29,355.2982083333,0.005194444444444,image,"Koopmans, Leon",3,56440.2635802,56440.34442517,2276.0,OPTICAL,331.2,443.0,--,56805.5797453,12898,HAP,--,POLYGON 355.31819021007254 0.021711522940855852 355.29924964945775 -0.01906405437544857 355.27831708423355 -0.011206089403211114 355.2971035676689 0.029877647163338423 355.31819021007254 0.021711522940855852 POLYGON 355.2568342429185 -0.003249073089196037 355.2755546883321 0.03825287294210769 355.2967513898806 0.03007574716507897 355.27803093980776 -0.011140056070058255 355.2568342429185 -0.003249073089196037,mast:HST/product/hst_12898_29_wfc3_uvis_f390w_ibzi29_drc.jpg,mast:HST/product/hst_12898_29_wfc3_uvis_f390w_ibzi29_drc.fits,PUBLIC,False,,26581114,938762171,331.2,443.0
science,HST,HAP-SVM,WFC3/UVIS,HAP,detection,--,SDSS-J095944.07+041017.0,GALAXY;GRAVITATIONAL LENS,hst_12898_18_wfc3_uvis_total_ibzi18,149.933625,4.171388888889,image,"Koopmans, Leon",3,56450.17614983,56450.20707554,2276.0,--,,,--,56815.38725688,12898,HAP,--,POLYGON 149.96891610177312 4.148119565036363 149.9262129864815 4.132007933231385 149.91702090623212 4.152852259440839 149.95949322554546 4.1686122153627005 149.96891610177312 4.148119565036363 POLYGON 149.95934978237133 4.168931380282779 149.9168112394332 4.1532484537576515 149.90772902287998 4.173806530496881 149.9501139990903 4.18918179205503 149.95934978237133 4.168931380282779,mast:HST/product/hst_12898_18_wfc3_uvis_total_ibzi18_drc.jpg,mast:HST/product/hst_12898_18_wfc3_uvis_total_ibzi18_drc.fits,PUBLIC,False,,26578880,938762174,,
science,HST,HAP-SVM,WFC3/UVIS,HAP,F390W,OPTICAL,SDSS-J163028.16+452036.2,GALAXY;GRAVITATIONAL LENS,hst_12898_28_wfc3_uvis_f390w_ibzi28,247.6172916667,45.34341666667,image,"Koopmans, Leon",3,56457.06214501,56457.14235332,2284.0,OPTICAL,331.2,443.0,--,56822.34672455,12898,HAP,--,POLYGON 247.6372762558264 45.303790654568616 247.57519452736025 45.31642108911405 247.5825539102066 45.338709563027514 247.6441260856427 45.32585516589805 247.6372762558264 45.303790654568616 POLYGON 247.6443141009768 45.326174276622794 247.58261637022292 45.339017735435 247.58988775336852 45.36101956823281 247.65110655228145 45.347952243653985 247.6443141009768 45.326174276622794,mast:HST/product/hst_12898_28_wfc3_uvis_f390w_ibzi28_drc.jpg,mast:HST/product/hst_12898_28_wfc3_uvis_f390w_ibzi28_drc.fits,PUBLIC,False,,26579860,938762186,331.2,443.0
science,HST,HAP-SVM,WFC3/UVIS,HAP,detection,--,SDSS-J234111.57+000018.6,GALAXY;GRAVITATIONAL LENS,hst_12898_29_wfc3_uvis_total_ibzi29,355.2982083333,0.005194444444444,image,"Koopmans, Leon",3,56440.2635802,56440.34442517,2276.0,--,,,--,56805.5797453,12898,HAP,--,POLYGON 355.27833909534394 -0.011239106065900005 355.2971806065614 0.029888652710579888 355.3181681989724 0.021777556266087683 355.29917261057795 -0.019042043275395146 355.27833909534394 -0.011239106065900005 POLYGON 355.2967844065468 0.029998708284511247 355.27800892869794 -0.01112905051534172 355.25685625401803 -0.003194045322593524 355.2754116161079 0.03809879518683556 355.27562072166955 0.038230861846285 355.2967844065468 0.029998708284511247,mast:HST/product/hst_12898_29_wfc3_uvis_total_ibzi29_drc.jpg,mast:HST/product/hst_12898_29_wfc3_uvis_total_ibzi29_drc.fits,PUBLIC,False,,26581141,938762244,,
science,HST,HAP-SVM,WFC3/UVIS,HAP,detection,--,SDSS-J163028.16+452036.2,GALAXY;GRAVITATIONAL LENS,hst_12898_28_wfc3_uvis_total_ibzi28,247.6172916667,45.34341666667,image,"Koopmans, Leon",3,56457.06214501,56457.14235332,2284.0,--,,,--,56822.34672455,12898,HAP,--,POLYGON 247.63721365246997 45.30375765087588 247.57511625062514 45.31645407957954 247.58245998610914 45.33867652095097 247.64411041432555 45.32582215341732 247.63721365246997 45.30375765087588 POLYGON 247.64428278786062 45.32616327947981 247.5826320093381 45.33905075631628 247.58990341657437 45.36101957146045 247.6510908415603 45.34787520992356 247.64428278786062 45.32616327947981,mast:HST/product/hst_12898_28_wfc3_uvis_total_ibzi28_drc.jpg,mast:HST/product/hst_12898_28_wfc3_uvis_total_ibzi28_drc.fits,PUBLIC,False,,26579875,938762256,,
science,HST,HAP-SVM,WFC3/UVIS,HAP,F390W,OPTICAL,SDSS-J091205.31+002901.1,GALAXY;GRAVITATIONAL LENS,hst_12898_12_wfc3_uvis_f390w_ibzi12,138.022125,0.4836666666667,image,"Koopmans, Leon",3,56428.3100148,56428.34094089,2276.0,OPTICAL,331.2,443.0,--,56793.44021987,12898,HAP,--,POLYGON 138.05715095134477 0.4605055743589097 138.01466816661522 0.44434947701649874 138.0053571249221 0.46516095785590744 138.04772995630412 0.48104197354370587 138.05715095134477 0.4605055743589097 POLYGON 138.04758687986003 0.48130610729626233 138.00528008232283 0.465546152034237 137.99610105758254 0.48611549850144614 138.0383199104156 0.5016443935273012 138.04758687986003 0.48130610729626233,mast:HST/product/hst_12898_12_wfc3_uvis_f390w_ibzi12_drc.jpg,mast:HST/product/hst_12898_12_wfc3_uvis_f390w_ibzi12_drc.fits,PUBLIC,False,,26580477,938777278,331.2,443.0
science,HST,HAP-SVM,WFC3/UVIS,HAP,detection,--,SDSS-J091205.31+002901.1,GALAXY;GRAVITATIONAL LENS,hst_12898_12_wfc3_uvis_total_ibzi12,138.022125,0.4836666666667,image,"Koopmans, Leon",3,56428.3100148,56428.34094089,2276.0,--,,,--,56793.44021987,12898,HAP,--,POLYGON 138.05715095134477 0.4605055743589097 138.01466816661522 0.44434947701649874 138.00541215430383 0.46522699134865425 138.04774096214524 0.4810089568457678 138.05715095134477 0.4605055743589097 POLYGON 138.04750983826395 0.48130610753311787 138.00528008222145 0.46557916869801863 137.9961230690925 0.4862035430283288 138.03837494016247 0.5015673545598656 138.04759788616923 0.481427168362927 138.04750983826395 0.48130610753311787,mast:HST/product/hst_12898_12_wfc3_uvis_total_ibzi12_drc.jpg,mast:HST/product/hst_12898_12_wfc3_uvis_total_ibzi12_drc.fits,PUBLIC,False,,26580481,938777332,,
science,HST,HAP-SVM,WFC3/UVIS,HAP,F390W,OPTICAL,SDSS-J162746.44-005357.5,GALAXY;GRAVITATIONAL LENS,hst_12898_23_wfc3_uvis_f390w_ibzi23,246.9435416667,-0.8993333333333,image,"Koopmans, Leon",3,56459.84752686,56459.92400851,2276.0,OPTICAL,331.2,443.0,--,56825.12084497,12898,HAP,--,POLYGON 246.96923254999336 -0.9328087463946269 246.92381760669815 -0.9342394939115449 246.9218805151315 -0.9114469795015493 246.96702000022142 -0.9102913973792242 246.96923254999336 -0.9328087463946269 POLYGON 246.9670089915632 -0.9100162585801044 246.92184749623215 -0.9111388237623366 246.9199324414646 -0.888621447700304 246.96485150546374 -0.8877630406652834 246.9670089915632 -0.9100162585801044,mast:HST/product/hst_12898_23_wfc3_uvis_f390w_ibzi23_drc.jpg,mast:HST/product/hst_12898_23_wfc3_uvis_f390w_ibzi23_drc.fits,PUBLIC,False,,26580572,938909015,331.2,443.0
science,HST,HAP-SVM,WFC3/UVIS,HAP,detection,--,SDSS-J162746.44-005357.5,GALAXY;GRAVITATIONAL LENS,hst_12898_23_wfc3_uvis_total_ibzi23,246.9435416667,-0.8993333333333,image,"Koopmans, Leon",3,56459.84752686,56459.92400851,2276.0,--,,,--,56825.12084497,12898,HAP,--,POLYGON 246.96922154298198 -0.9328087464718313 246.92381760669815 -0.9342394939115449 246.9218254799829 -0.911513012483087 246.9670530213254 -0.9103354193920917 246.96922154298198 -0.9328087464718313 POLYGON 246.9670089913574 -0.9099832419159817 246.92185850338547 -0.9111058071675545 246.91988841365762 -0.8886654696184354 246.96486251277264 -0.887840079476502 246.9670089913574 -0.9099832419159817,mast:HST/product/hst_12898_23_wfc3_uvis_total_ibzi23_drc.jpg,mast:HST/product/hst_12898_23_wfc3_uvis_total_ibzi23_drc.fits,PUBLIC,False,,26580597,938909064,,
science,HST,HAP-SVM,WFC3/UVIS,HAP,F390W,OPTICAL,SDSS-J162746.44-005357.5,GALAXY;GRAVITATIONAL LENS,hst_12898_22_wfc3_uvis_f390w_ibzi22,246.9435416667,-0.8993333333333,image,"Koopmans, Leon",3,56459.70646242,56459.77550147,2276.0,OPTICAL,331.2,443.0,--,56825.01326384,12898,HAP,--,POLYGON 246.9692287237689 -0.932806789015648 246.92379176553487 -0.9342265308868991 246.9218546739991 -0.9114450215226495 246.9670161739479 -0.9102894395075022 246.9692287237689 -0.932806789015648 POLYGON 246.96700516528944 -0.9100143007023498 246.92184366899244 -0.911136865915216 246.91992861417967 -0.8886194893586729 246.96484767914185 -0.8877610822988591 246.96700516528944 -0.9100143007023498,mast:HST/product/hst_12898_22_wfc3_uvis_f390w_ibzi22_drc.jpg,mast:HST/product/hst_12898_22_wfc3_uvis_f390w_ibzi22_drc.fits,PUBLIC,False,,26579363,938909265,331.2,443.0
science,HST,HAP-SVM,WFC3/UVIS,HAP,detection,--,SDSS-J162746.44-005357.5,GALAXY;GRAVITATIONAL LENS,hst_12898_22_wfc3_uvis_total_ibzi22,246.9435416667,-0.8993333333333,image,"Koopmans, Leon",3,56459.70646242,56459.77550147,2276.0,--,,,--,56825.01326384,12898,HAP,--,POLYGON 246.96921771675727 -0.9328067890928505 246.92379176553487 -0.9342265308868991 246.92185467379133 -0.9114780381874484 246.96702718109717 -0.9103224561037287 246.96921771675727 -0.9328067890928505 POLYGON 246.9670051650836 -0.9099812840375028 246.92185467614598 -0.9111038493197077 246.91988458637172 -0.8886635112777724 246.96485868645098 -0.8878381211117949 246.9670051650836 -0.9099812840375028,mast:HST/product/hst_12898_22_wfc3_uvis_total_ibzi22_drc.jpg,mast:HST/product/hst_12898_22_wfc3_uvis_total_ibzi22_drc.fits,PUBLIC,False,,26579367,938909321,,
science,HST,HAP-SVM,WFC3/UVIS,HAP,F390W,OPTICAL,SDSS-J091205.31+002901.1,GALAXY;GRAVITATIONAL LENS,hst_12898_14_wfc3_uvis_f390w_ibzi14,138.022125,0.4836666666667,image,"Koopmans, Leon",3,56429.3067511,56429.33767681,2276.0,OPTICAL,331.2,443.0,--,56794.51504626,12898,HAP,--,POLYGON 138.05715832263326 0.4605048440964718 138.0146865437927 0.44434874677169856 138.00538650778012 0.4652482720962162 138.04772632165165 0.4810412433153149 138.05715832263326 0.4605048440964718 POLYGON 138.00529845953392 0.4655454218049764 137.99609742288078 0.48612577374277993 138.03834929363842 0.5016326576726079 138.047616263301 0.48139342140271324 138.00529845953392 0.4655454218049764,mast:HST/product/hst_12898_14_wfc3_uvis_f390w_ibzi14_drc.jpg,mast:HST/product/hst_12898_14_wfc3_uvis_f390w_ibzi14_drc.fits,PUBLIC,False,,26580416,938933720,331.2,443.0
science,HST,HAP-SVM,WFC3/UVIS,HAP,detection,--,SDSS-J091205.31+002901.1,GALAXY;GRAVITATIONAL LENS,hst_12898_14_wfc3_uvis_total_ibzi14,138.022125,0.4836666666667,image,"Koopmans, Leon",3,56429.3067511,56429.33767681,2276.0,--,,,--,56794.51504626,12898,HAP,--,POLYGON 138.05715832263326 0.4605048440964718 138.0146865437927 0.44434874677169856 138.00541952559766 0.4652262610861652 138.0477483334346 0.4810082265832737 138.05715832263326 0.4605048440964718 POLYGON 138.0476052572585 0.4813604047728586 138.00517739427448 0.46560044921142285 137.99613044038742 0.48620281276589006 138.03837130547734 0.5015666243171786 138.0476052572585 0.4813604047728586,mast:HST/product/hst_12898_14_wfc3_uvis_total_ibzi14_drc.jpg,mast:HST/product/hst_12898_14_wfc3_uvis_total_ibzi14_drc.fits,PUBLIC,False,,26580431,938933763,,
science,HST,HAP-SVM,WFC3/UVIS,HAP,F390W,OPTICAL,SDSS-J025245.21+003958.3,GALAXY;GRAVITATIONAL LENS,hst_12898_01_wfc3_uvis_f390w_ibzi01,43.18841666667,0.6661944444444,image,"Koopmans, Leon",3,56529.16487834,56529.23413777,2276.0,OPTICAL,331.2,443.0,--,56894.33084485,12898,HAP,--,POLYGON 43.20748106972816 0.683756135727335 43.19069629278074 0.642045158212517 43.16938819051684 0.6488025787079376 43.18609576772776 0.6908327931918273 43.20748106972816 0.683756135727335 POLYGON 43.18571054543679 0.6909098327510617 43.16910202766893 0.6488466004570932 43.14751871142341 0.6556259393378584 43.16400599348369 0.6980524247891224 43.18571054543679 0.6909098327510617,mast:HST/product/hst_12898_01_wfc3_uvis_f390w_ibzi01_drc.jpg,mast:HST/product/hst_12898_01_wfc3_uvis_f390w_ibzi01_drc.fits,PUBLIC,False,,26579512,944706001,331.2,443.0
science,HST,HAP-SVM,WFC3/UVIS,HAP,detection,--,SDSS-J025245.21+003958.3,GALAXY;GRAVITATIONAL LENS,hst_12898_01_wfc3_uvis_total_ibzi01,43.18841666667,0.6661944444444,image,"Koopmans, Leon",3,56529.16487834,56529.23413777,2276.0,--,,,--,56894.33084485,12898,HAP,--,POLYGON 43.20748106972816 0.683756135727335 43.19061924912494 0.6420671695163971 43.16942120931647 0.6487915732066494 43.18611778041812 0.6908217875978575 43.20748106972816 0.683756135727335 POLYGON 43.1475297176291 0.6556369449573995 43.16400599348369 0.6980524247891224 43.18567752646333 0.6909648605788098 43.16906900886827 0.6488576059563019 43.1475297176291 0.6556369449573995,mast:HST/product/hst_12898_01_wfc3_uvis_total_ibzi01_drc.jpg,mast:HST/product/hst_12898_01_wfc3_uvis_total_ibzi01_drc.fits,PUBLIC,False,,26579520,944706075,,
science,HST,HAP-SVM,WFC3/UVIS,HAP,F390W,OPTICAL,SDSS-J025245.21+003958.3,GALAXY;GRAVITATIONAL LENS,hst_12898_02_wfc3_uvis_f390w_ibzi02,43.18841666667,0.6661944444444,image,"Koopmans, Leon",3,56529.82681131,56529.8577374,2276.0,OPTICAL,331.2,443.0,--,56895.01148147,12898,HAP,--,POLYGON 43.207485047579965 0.6837678575667402 43.190722283091425 0.6420788911230886 43.16939216834649 0.6487482672687515 43.18601169466035 0.6908225041080875 43.207485047579965 0.6837678575667402 POLYGON 43.147522689166024 0.6556266556942395 43.163987958536104 0.6980531410660304 43.1857145232825 0.6909435657262792 43.16910600538853 0.6488583223434694 43.147522689166024 0.6556266556942395,mast:HST/product/hst_12898_02_wfc3_uvis_f390w_ibzi02_drc.jpg,mast:HST/product/hst_12898_02_wfc3_uvis_f390w_ibzi02_drc.fits,PUBLIC,False,,26579251,944706095,331.2,443.0
science,HST,HAP-SVM,WFC3/UVIS,HAP,detection,--,SDSS-J025245.21+003958.3,GALAXY;GRAVITATIONAL LENS,hst_12898_02_wfc3_uvis_total_ibzi02,43.18841666667,0.6661944444444,image,"Koopmans, Leon",3,56529.82681131,56529.8577374,2276.0,--,,,--,56895.01148147,12898,HAP,--,POLYGON 43.207485047579965 0.6837678575667402 43.190623226886196 0.6420788913780409 43.16948021850155 0.6487042451924626 43.18611075187304 0.6908335094841167 43.207485047579965 0.6837678575667402 POLYGON 43.14761073968591 0.6555716284526726 43.163987958536104 0.6980531410660304 43.185681504235504 0.6909545713373204 43.16907298658781 0.648869327842718 43.14761073968591 0.6555716284526726,mast:HST/product/hst_12898_02_wfc3_uvis_total_ibzi02_drc.jpg,mast:HST/product/hst_12898_02_wfc3_uvis_total_ibzi02_drc.fits,PUBLIC,False,,26579260,944706165,,
