Bmax,lambda0_m,bias_opt,bias_ir,bias_cmb,cmb_minus_opt
0.05,1e-07,0.04999999999999663,0.05,0.05,3.372302437298913e-15
0.05,1.059560179277617e-07,0.04999999999988813,0.05,0.05,1.1187578641269624e-13
0.05,1.1226677735108136e-07,0.04999999999752547,0.05,0.05,2.474534466223588e-12
0.05,1.1895340673703207e-07,0.04999999996171538,0.05,0.05,3.8284625469842126e-11
0.05,1.2603829296797274e-07,0.04999999956823161,0.05,0.05,4.317683918730886e-10
0.05,1.3354515629299e-07,0.04999999631852433,0.05,0.05,3.6814756729230957e-09
0.05,1.4149912974345758e-07,0.049999975489233704,0.05,0.05,2.451076629855775e-08
0.05,1.499268432786047e-07,0.04999986888368304,0.05,0.05,1.3111631696344217e-07
0.05,1.5885651294280528e-07,0.049999422048878694,0.05,0.05,5.779511213083177e-07
0.05,1.6831803533309585e-07,0.049997853339203265,0.05,0.05,2.1466607967382534e-06
0.05,1.7834308769319093e-07,0.04999314737328061,0.05,0.05,6.8526267193932955e-06
0.05,1.8896523396912115e-07,0.04998086780949503,0.05,0.05,1.9132190504971003e-05
0.05,2.0022003718155845e-07,0.04995255368049291,0.05,0.05,4.744631950709399e-05
0.05,2.121451784910632e-07,0.049894047410068865,0.05,0.05,0.0001059525899311381
0.05,2.2478058335487253e-07,0.049784351176636314,0.05,0.05,0.00021564882336368857
0.05,2.3816855519761606e-07,0.04959564973686342,0.05,0.05,0.00040435026313657974
0.05,2.523539170434766e-07,0.04929489212937482,0.05,0.05,0.0007051078706251795
0.05,2.673841615839949e-07,0.04884687066855358,0.05,0.05,0.0011531293314464217
0.05,2.833096101839324e-07,0.048218266802661884,0.05,0.05,0.0017817331973381187
0.05,3.0018358135755923e-07,0.047381842930053646,0.04999999999999996,0.05,0.002618157069946357
0.05,3.180625692794119e-07,0.046319941292015526,0.04999999999999772,0.05,0.0036800587079844765
0.05,3.370064329271932e-07,0.04502667470074131,0.049999999999920976,0.05,0.004973325299258695
0.05,3.5707859649004626e-07,0.04350854513559865,0.04999999999818047,0.05,0.00649145486440135
0.05,3.783462617131933e-07,0.04178357553305506,0.049999999970832286,0.05,0.008216424466944941
0.05,4.008806328898465e-07,0.03987929430785273,0.049999999660559714,0.05,0.01012070569214727
0.05,4.247571552536903e-07,0.03783003426876316,0.04999999702425883,0.05,0.01216996573123684
0.05,4.500557675700497e-07,0.03567400863198072,0.04999997969520279,0.05,0.014325991368019285
0.05,4.768611697714474e-07,0.03345054471623016,0.04999988899676951,0.05,0.016549455283769846
0.05,5.052631065335679e-07,0.03119773460437593,0.04999950120992965,0.05,0.018802265395624074
0.05,5.35356667741073e-07,0.02895063784225485,0.049998115594503,0.05,0.021049362157745152
0.05,5.672426068491978e-07,0.026740067069809154,0.0499938933937251,0.05,0.02325993293019085
0.05,6.010276782070388e-07,0.02459191336146135,0.04998272231748551,0.05,0.025408086638538652
0.05,6.368249944718587e-07,0.02252692446539596,0.04995664548433308,0.05,0.02747307553460404
0.05,6.7475440531107e-07,0.020560831047563257,0.04990217171175121,0.05,0.029439168952436746
0.05,7.149428986597577e-07,0.018704716309287894,0.04979904482973321,0.05,0.031295283690712106
0.05,7.57525025877192e-07,0.016965535906250547,0.04962011913484475,0.05,0.03303446409374945
0.05,8.026433522257174e-07,0.015346712167144744,0.049332771615484994,0.05,0.03465328783285526
0.05,8.504489341802686e-07,0.013848745050967122,0.04890184149071851,0.05,0.03615125494903288
0.05,9.011018251665019e-07,0.012469799499979235,0.04829361024151119,0.05,0.03753020050002077
0.05,9.547716114208066e-07,0.011206243485873124,0.04748001947532499,0.05,0.03879375651412688
0.05,1.011637979766207e-06,0.010053122629332306,0.046442276840164026,0.05,0.0399468773706677
0.05,1.0718913192051285e-06,0.009004565866807845,0.045173202944900195,0.05,0.040995434133192156
0.05,1.1357333583431052e-06,0.008054122608237074,0.04367801646705027,0.05,0.04194587739176293
0.05,1.2033778407775905e-06,0.0071950356619269965,0.04197360941181662,0.05,0.04280496433807301
0.05,1.2750512407130129e-06,0.006420456395616731,0.04008663139477433,0.05,0.04357954360438327
0.05,1.3509935211980278e-06,0.00572360960478332,0.038050837971354605,0.05,0.044276390395216685
0.05,1.4314589375234786e-06,0.005097915744447213,0.03590417028210548,0.05,0.04490208425555279
0.05,1.5167168884709241e-06,0.004537077842394227,0.033685957789007015,0.05,0.04546292215760578
0.05,1.6070528182616385e-06,0.004035139768747526,0.031434516782727094,0.05,0.04596486023125248
0.05,1.7027691722259014e-06,0.0035865217449707666,0.029185292111565522,0.05,0.046413478255029235
0.05,1.8041864093920718e-06,0.0031860381401284388,0.02696958263137371,0.05,0.046813961859871564
0.05,1.9116440753857036e-06,0.0028289017907811745,0.02481381344895497,0.05,0.04717109820921883
0.05,2.0255019392306664e-06,0.002510718332611345,0.02273927141162422,0.05,0.04748928166738866
0.05,2.146141197858406e-06,0.002227473366633831,0.02076219985642243,0.05,0.047772526633366175
0.05,2.2739657523579273e-06,0.001975514707513082,0.01889414731556214,0.05,0.04802448529248692
0.05,2.409403560239527e-06,0.0017515314747024392,0.017142475546724722,0.05,0.048248468525297565
0.05,2.5529080682395166e-06,0.0015525313826449062,0.015510948972150341,0.05,0.0484474686173551
0.05,2.704959730463137e-06,0.0013758172554420968,0.01400034605374681,0.05,0.0486241827445579
0.05,2.8660676169482502e-06,0.0012189635246020237,0.012609050559931207,0.05,0.04878103647539798
0.05,3.0367711180354605e-06,0.0010797932561493696,0.01133359562578374,0.05,0.048920206743850635
0.05,3.2176417502507353e-06,0.0009563560865755495,0.010169145415654418,0.05,0.04904364391342445
0.05,3.4092850697468146e-06,0.0008469073177773678,0.009109908091023067,0.05,0.049153092682222635
0.05,3.6123426997094304e-06,0.0007498883222666398,0.00814948000988116,0.05,0.04925011167773336
0.05,3.827494478516315e-06,0.0006639083355384046,0.007281125116941511,0.05,0.049336091664461595
0.05,4.0554607358408275e-06,0.0005877276575395552,0.006497995826650682,0.05,0.04941227234246045
0.05,4.297004704320844e-06,0.0005202422455279799,0.005793302809058782,0.05,0.049479757754472026
0.05,4.5529350748669476e-06,0.00046046965286269395,0.005160441344388128,0.05,0.04953953034713731
0.05,4.824108704165373e-06,0.00040753624967506123,0.004593081617269812,0.05,0.049592463750324944
0.05,5.111433483440165e-06,0.0003606656497453398,0.004085229702307025,0.05,0.049639334350254666
0.05,5.4158713780794765e-06,0.00031916826150608094,0.003631265210677132,0.05,0.04968083173849392
0.05,5.738441648302393e-06,0.0002824318785446756,0.0032259607330583696,0.05,0.04971756812145533
0.05,6.080224261649427e-06,0.0002499132252130998,0.0028644873979641553,0.05,0.0497500867747869
0.05,6.44236350872137e-06,0.00022113037514882584,0.0025424101084442876,0.05,0.049778869624851174
0.05,6.826071834272393e-06,0.00019565596403389176,0.0022556753456511205,0.05,0.04980434403596611
0.05,7.232633896483534e-06,0.00017311112229149162,0.002000593842952603,0.05,0.04982688887770851
0.05,7.663410868007463e-06,0.00015316005828200363,0.0017738199384057963,0.05,0.049846839941718
0.05,8.119844993184008e-06,0.00013550522764929073,0.0015723290006663172,0.05,0.04986449477235071
0.05,8.603464416684509e-06,0.00011988302959223263,0.0013933939852908252,0.05,0.04988011697040777
0.05,9.115888299750819e-06,0.00010605997586032313,0.0012345619053281299,0.05,0.04989394002413968
0.05,9.658832241158709e-06,9.382928310357475e-05,0.0010936307824838676,0.05,0.04990617071689643
0.05,1.0234114021054528e-05,8.300784378619253e-05,0.000968627473954109,0.05,0.04991699215621381
0.05,1.0843659686896109e-05,7.343353516403583e-05,0.000857786637108493,0.05,0.04992656646483597
0.05,1.148951000187311e-05,6.496282981053315e-05,0.0007595309924380068,0.05,0.04993503717018947
0.05,1.217382727739662e-05,5.7468674848942806e-05,0.0006724529684713821,0.05,0.04994253132515106
0.05,1.289890261253308e-05,5.083861041461635e-05,0.0005952977555855499,0.05,0.049949161389585384
0.05,1.3667163564620073e-05,4.497310094023766e-05,0.0005269477545507107,0.05,0.049955026899059764
0.05,1.448118227674536e-05,3.978405564366017e-05,0.00046640837679017835,0.05,0.049960215944356345
0.05,1.5343684089300132e-05,3.5193517119747054e-05,0.0004127951338955216,0.05,0.04996480648288026
0.05,1.6257556664437934e-05,3.113249921228856e-05,0.00036532194166943865,0.05,0.04996886750078772
0.05,1.7225859653987876e-05,2.7539957389283166e-05,0.0003232905570879019,0.05,0.04997246004261072
0.05,1.8251834943190462e-05,2.436187668268808e-05,0.0002860810636743538,0.05,0.04997563812331732
0.05,1.933891750455232e-05,2.155046390102111e-05,0.0002531433207646594,0.05,0.04997844953609898
0.05,2.049074689815846e-05,1.9063432296884122e-05,0.00022398929416425075,0.05,0.04998093656770312
0.05,2.171117945694505e-05,1.686336818833567e-05,0.00019818618910780184,0.05,0.04998313663181167
0.05,2.3004301197729215e-05,1.4917170208017527e-05,0.0001753503107332022,0.05,0.049985082829791985
0.05,2.4374441501222216e-05,1.3195552901379416e-05,0.00015514158210693798,0.05,0.049986804447098625
0.05,2.5826187606826748e-05,1.1672607328339081e-05,0.0001372586549130528,0.05,0.049988327392671665
0.05,2.736439997074672e-05,1.0325412152645265e-05,0.00012143455304550744,0.05,0.04998967458784736
0.05,2.8994228538828813e-05,9.133689441465087e-06,0.00010743279438316656,0.05,0.04999086631055854
0.05,3.072112998861759e-05,8.079500053714828e-06,9.504394088161172e-05,0.05,0.04999192049994629
0.05,3.2550885998350565e-05,7.146974078231506e-06,8.408253172354497e-05,0.05,0.04999285302592177
0.05,3.44896226040576e-05,6.322072300085635e-06,7.438435859167259e-05,0.05,0.04999367792769992
0.05,3.654383070957262e-05,5.592375132473793e-06,6.580404614516811e-05,0.05,0.04999440762486753
0.05,3.872038781812557e-05,4.946895858515266e-06,5.8212904486432127e-05,0.05,0.049995053104141485
0.05,4.10265810582719e-05,4.375915388565855e-06,5.1497023802821176e-05,0.05,0.04999562408461144
0.05,4.3470131581250265e-05,3.870836058517124e-06,4.5555584467599223e-05,0.05,0.049996129163941486
0.05,4.605922041145113e-05,3.4240522783612895e-06,4.029935869999668e-05,0.05,0.04999657594772164
0.05,4.8802515836544335e-05,3.0288360915231575e-06,3.564938243298954e-05,0.05,0.04999697116390848
0.05,5.170920242896755e-05,2.679235928182422e-06,3.1535778337177244e-05,0.05,0.04999732076407182
0.05,5.478901179593945e-05,2.369987033018495e-06,2.7896713019198716e-05,0.05,0.04999763001296698
0.05,5.805225516094908e-05,2.0964322225480724e-06,2.467747327226655e-05,0.05,0.04999790356777745
0.05,6.150985788580505e-05,1.8544517816798669e-06,2.18296479226332e-05,0.05,0.049998145548218326
0.05,6.51733960488242e-05,1.6404014463289319e-06,1.9310403307065685e-05,0.05,0.04999835959855367
0.05,6.90551352016233e-05,1.4510575399362403e-06,1.708184174893934e-05,0.05,0.049998548942460065
0.05,7.316807143427207e-05,1.283568439131022e-06,1.5110433589687889e-05,0.05,0.04999871643156087
0.05,7.752597488629464e-05,1.135411638797379e-06,1.3366514392737505e-05,0.05,0.049998864588361204
0.05,8.214343584919422e-05,1.0043557707950513e-06,1.1823839881164311e-05,0.05,0.04999899564422921
0.05,8.703591361485166e-05,8.884270050302235e-07,1.0459192010914277e-05,0.05,0.04999911157299497
0.05,9.22197882333434e-05,7.858793274251319e-07,9.252030328466e-06,0.05,0.049999214120672576
0.05,9.771241535346502e-05,6.951682475553334e-07,8.184183426318547e-06,0.05,0.049999304831752446
0.05,0.00010353218432956627,6.149275403322108e-07,7.239575899381512e-06,0.05,0.04999938507245967
0.05,0.00010969857978923841,5.439486716496412e-07,6.403986729142109e-06,0.05,0.049999456051328356
0.05,0.0001162322468679853,4.811625984313395e-07,5.664835487373399e-06,0.05,0.04999951883740157
0.05,0.00012315506032928262,4.2562366894816073e-07,5.0109931633401945e-06,0.05,0.049999574376331055
0.05,0.0001304901978014403,3.7649538128792237e-07,4.432614784105616e-06,0.05,0.049999623504618715
0.05,0.00013826221737646565,3.330377853327793e-07,3.920991321648693e-06,0.05,0.04999966696221467
0.05,0.00014649713983072864,2.945963387790407e-07,3.4684186678679565e-06,0.05,0.04999970540366122
0.05,0.0001552225357427048,2.6059204929484995e-07,3.0680817130479543e-06,0.05,0.04999973940795071
0.05,0.00016446761779946643,2.305127544066643e-07,2.7139517888019604e-06,0.05,0.0499997694872456
0.05,0.00017426333860096508,2.0390540786952018e-07,2.4006959364053504e-06,0.05,0.04999979609459213
0.05,0.00018464249428955444,1.80369256308488e-07,2.1235966382537886e-06,0.05,0.049999819630743694
0.05,0.0001956398343517065,1.5954980339683011e-07,1.8784808068217362e-06,0.05,0.049999840450196606
0.05,0.0002072921779595372,1.4113347071020855e-07,1.6616569642413649e-06,0.05,0.049999858866529294
0.05,0.0002196385372416547,1.2484287481018264e-07,1.4698596683793142e-06,0.05,0.049999875157125194
0.05,0.00023272024789604097,1.1043264945831411e-07,1.3002003499573702e-06,0.05,0.04999988956735055
0.05,0.0002465811075822604,9.76857500445405e-08,1.1501238215638755e-06,0.05,0.04999990231424996
0.05,0.0002612675225563329,8.641018455768368e-08,1.0173698044513292e-06,0.05,0.049999913589815446
0.05,0.00027682866303920667,7.643612190411098e-08,8.999388943997656e-07,0.05,0.0499999235638781
0.05,0.00029331662783900454,6.761333393723313e-08,7.960624547054262e-07,0.05,0.049999932386666064
0.05,0.0003107866187782014,5.980893281742894e-08,7.041759832293604e-07,0.05,0.04999994019106718
0.05,0.00032929712550971513,5.290536946311875e-08,6.228955527654013e-07,0.05,0.04999994709463054
0.05,0.0003489101213406774,4.679866307255587e-08,5.509969702111039e-07,0.05,0.04999995320133693
0.05,0.0003696912707195028,4.1396834993268074e-08,4.873973407537591e-07,0.04999999999999999,0.049999958603164994
0.05,0.00039171014908092607,3.661852335246074e-08,4.311387596989125e-07,0.04999999999999915,0.0499999633814758
0.05,0.0004150404757850477,3.2391757620597875e-08,3.813738863600591e-07,0.049999999999966904,0.04999996760820928
0.05,0.00043976036093027214,2.8652874572987486e-08,3.3735318286653995e-07,0.04999999999915736,0.049999971346282784
0.05,0.0004659525668664682,2.5345559423461952e-08,2.9841362578775234e-07,0.04999999998523693,0.04999997463967751
0.05,0.0004937047852839004,2.241999763064051e-08,2.6396872053746635e-07,0.049999999814145796,0.049999977394148166
0.05,0.0005231099308056264,1.983212458145367e-08,2.334996683561741e-07,0.049999998253378426,0.049999978421253845
0.05,0.0005542664520663107,1.7542961905370192e-08,2.0654755265026028e-07,0.04999998732605809,0.04999996978309619
0.05,0.0005872786613189483,1.551803036625721e-08,1.8270642729301123e-07,0.04999992683976726,0.049999911321736895
0.05,0.0006222570836730231,1.3726830577764915e-08,1.6161720255980506e-07,0.04999965504969094,0.04999964132286037
0.05,0.0006593188271333549,1.2142383593038986e-08,1.4296223682097598e-07,0.04999864012171448,0.04999862797933089
0.05,0.0006985879746785249,1.074082456864467e-08,1.264605524242679e-07,0.049995424077699586,0.049995413336875016
0.05,0.0007401959996915645,9.501043291004764e-09,1.1186360378001581e-07,0.04998661465180114,0.04998660515075785
0.05,0.0007842822061337681,8.404366247383167e-09,9.895153389449796e-08,0.04996540811094259,0.04996539970657635
0.05,0.0008309941949353395,7.434275350881592e-09,8.752986300208932e-08,0.04991988327726143,0.04991987584298608
0.05,0.0008804883581643465,6.5761591450108625e-09,7.74265593972423e-08,0.049831589101427855,0.04983158252526871
0.05,0.0009329304026284687,5.817092718629624e-09,6.848944834048077e-08,0.049675081061252936,0.04967507524416022
0.05,0.0009884959046625587,5.1456430671947835e-09,6.05839200640279e-08,0.04941891932934658,0.04941891418370352
0.05,0.0010473708979594509,4.551696836108121e-09,5.3590902332478764e-08,0.0490282445965877,0.04902824004489086
0.05,0.0011097524964120721,4.026308048077354e-09,4.7405066999628435e-08,0.048468558982271,0.04846855495596295
0.05,0.0011758495540521582,3.5615633164898245e-09,4.1933243577485514e-08,0.047709966952925925,0.04770996339136261
0.05,0.0012458833642950082,3.1504626796241554e-09,3.7093015942124553e-08,0.04673101192563625,0.04673100877517357
0.05,0.0013200884008314193,2.786814168320717e-09,3.281148097666886e-08,0.045521390624613446,0.04552138783779928
0.05,0.0013987131026472386,2.4651405139408667e-09,2.9024150538514706e-08,0.04408314789044124,0.04408314542530072
0.05,0.00148202070579886,2.18059669210291e-09,2.567398013075817e-08,0.042430318082340525,0.042430315901743836
0.05,0.0015702901247293774,1.928896914416001e-09,2.2710509733903097e-08,0.04058727510668956,0.04058727317779264
0.05,0.0016638168860761307,1.706250091215722e-09,2.0089103752729545e-08,0.038586223900300594,0.0385862221940505
0.05,0.001762914118095948,1.5093027272428117e-09,1.777027874294568e-08,0.03646430760435886,0.03646430609505614
0.05,0.0018679135990207847,1.335088412046659e-09,1.571910870912241e-08,0.03426074750448057,0.034260746169392155
0.05,0.0019791668678535573,1.180983133508562e-09,1.3904699053268743e-08,0.03201432090629469,0.03201431972531156
0.05,0.002097046401323235,1.0446657705553974e-09,1.2299721247055474e-08,0.029761355569509457,0.029761354524843686
0.05,0.002221946860939524,9.240831100321145e-10,1.0880001205526568e-08,0.02753430611387911,0.027534305189796
0.05,0.0023542864143224203,8.174189491949591e-10,9.624155183907136e-09,0.02536089234511503,0.02536089152769608
0.05,0.0024945081352303164,7.230667176116867e-10,8.513267707455085e-09,0.023263725184710635,0.023263724461643917
0.05,0.0026430814869741084,6.396052798507412e-10,7.5306066438241e-09,0.021260319346667517,0.02126031870706224
0.05,0.002800503894183631,5.657775470346849e-10,6.661371199090383e-09,0.01936338638035407,0.019363385814576525
0.05,0.0029673024081888727,5.004715308842833e-10,5.892469007173773e-09,0.01758130991757323,0.017581309417101697
0.05,0.0031440354715915,4.427035904530641e-10,5.2123188931663124e-09,0.01591872060310845,0.01591872016040486
0.05,0.003331294787934677,3.9160363285439816e-10,4.610676468397302e-09,0.014377106507897586,0.014377106116293953
0.05,0.00352970730273065,3.4640199042534903e-10,4.078479837188454e-09,0.012955412698176362,0.012955412351774371
0.05,0.0037399373024788016,3.0641784110052587e-10,3.6077130727285578e-09,0.011650599301175263,0.011650598994757422
0.05,0.003962688638701479,2.7104894440022066e-10,3.191285508075126e-09,0.010458140112122783,0.010458139841073839
0.05,0.004198707084443914,2.3976257090829733e-10,2.8229249382505375e-09,0.009372453431766698,0.009372453192004127
0.05,0.004448782831127585,2.1208749201306887e-10,2.4970831236093005e-09,0.008387263690523927,0.008387263478436435
0.05,0.004713753134116729,1.876068633777095e-10,2.2088522622087935e-09,0.00749589696298556,0.007495896775378697
0.05,0.00499450511585514,1.6595196328239582e-10,1.9538910267513644e-09,0.006691516207605802,0.006691516041653839
0.05,0.005291978735958447,1.4679661930472322e-10,1.7283592113059854e-09,0.005967303452095596,0.005967303305298977
0.05,0.005607169938205458,1.2985232333839747e-10,1.5288598553819812e-09,0.005316596587879658,0.005316596458027335
0.05,0.00594113398496504,1.1486385731451776e-10,1.3523881181587427e-09,0.004732988259179999,0.004732988144316142
0.05,0.006294988990221888,1.0160546293214168e-10,1.1962859869374398e-09,0.004210393778559462,0.004210393676954
0.05,0.006669919663030129,8.987744992694503e-11,1.0582022591520967e-09,0.003743094248250545,0.0037430941583730948
0.05,0.0070671812739274914,7.950315961124944e-11,9.360571262551077e-10,0.0033257602375278694,0.0033257601580247097
0.05,0.0074881038575900305,7.032635029879942e-11,8.280108376723661e-10,0.002953460540510783,0.002953460470184433
0.05,0.007934096665797492,6.220878812079889e-11,7.324360173921463e-10,0.0026216597644769138,0.0026216597022681257
0.05,0.008406652885618334,5.5028215317776134e-11,6.478931058317983e-10,0.002326207802109032,0.0023262077470808163
0.05,0.00890735463861044,4.867646841155704e-11,5.731087382443434e-10,0.0020633236330324213,0.002063323584355953
0.05,0.009437878277775391,4.305789058633991e-11,5.069564990023423e-10,0.0018295753816709337,0.0018295753386130432
0.05,0.01,3.8087843989842446e-11,4.484400240034603e-10,0.0016218581250846632,0.0016218580869968191
0.1,1e-07,0.09999999999999326,0.1,0.1,6.744604874597826e-15
0.1,1.059560179277617e-07,0.09999999999977625,0.1,0.1,2.2375157282539249e-13
0.1,1.1226677735108136e-07,0.09999999999505094,0.1,0.1,4.949068932447176e-12
0.1,1.1895340673703207e-07,0.09999999992343075,0.1,0.1,7.656925093968425e-11
0.1,1.2603829296797274e-07,0.09999999913646322,0.1,0.1,8.635367837461772e-10
0.1,1.3354515629299e-07,0.09999999263704866,0.1,0.1,7.3629513458461915e-09
0.1,1.4149912974345758e-07,0.09999995097846741,0.1,0.1,4.90215325971155e-08
0.1,1.499268432786047e-07,0.09999973776736608,0.1,0.1,2.6223263392688434e-07
0.1,1.5885651294280528e-07,0.09999884409775739,0.1,0.1,1.1559022426166354e-06
0.1,1.6831803533309585e-07,0.09999570667840653,0.1,0.1,4.293321593476507e-06
0.1,1.7834308769319093e-07,0.09998629474656122,0.1,0.1,1.3705253438786591e-05
0.1,1.8896523396912115e-07,0.09996173561899006,0.1,0.1,3.8264381009942006e-05
0.1,2.0022003718155845e-07,0.09990510736098582,0.1,0.1,9.489263901418798e-05
0.1,2.121451784910632e-07,0.09978809482013773,0.1,0.1,0.0002119051798622762
0.1,2.2478058335487253e-07,0.09956870235327263,0.1,0.1,0.00043129764672737714
0.1,2.3816855519761606e-07,0.09919129947372685,0.1,0.1,0.0008087005262731595
0.1,2.523539170434766e-07,0.09858978425874965,0.1,0.1,0.001410215741250359
0.1,2.673841615839949e-07,0.09769374133710716,0.1,0.1,0.0023062586628928433
0.1,2.833096101839324e-07,0.09643653360532377,0.1,0.1,0.0035634663946762374
0.1,3.0018358135755923e-07,0.09476368586010729,0.09999999999999992,0.1,0.005236314139892714
0.1,3.180625692794119e-07,0.09263988258403105,0.09999999999999544,0.1,0.007360117415968953
0.1,3.370064329271932e-07,0.09005334940148262,0.09999999999984195,0.1,0.00994665059851739
0.1,3.5707859649004626e-07,0.0870170902711973,0.09999999999636094,0.1,0.0129829097288027
0.1,3.783462617131933e-07,0.08356715106611012,0.09999999994166457,0.1,0.016432848933889882
0.1,4.008806328898465e-07,0.07975858861570546,0.09999999932111943,0.1,0.02024141138429454
0.1,4.247571552536903e-07,0.07566006853752633,0.09999999404851766,0.1,0.02433993146247368
0.1,4.500557675700497e-07,0.07134801726396144,0.09999995939040558,0.1,0.02865198273603857
0.1,4.768611697714474e-07,0.06690108943246031,0.09999977799353903,0.1,0.03309891056753969
0.1,5.052631065335679e-07,0.06239546920875186,0.0999990024198593,0.1,0.03760453079124815
0.1,5.35356667741073e-07,0.0579012756845097,0.099996231189006,0.1,0.042098724315490305
0.1,5.672426068491978e-07,0.05348013413961831,0.0999877867874502,0.1,0.0465198658603817
0.1,6.010276782070388e-07,0.0491838267229227,0.09996544463497102,0.1,0.050816173277077305
0.1,6.368249944718587e-07,0.04505384893079192,0.09991329096866616,0.1,0.05494615106920808
0.1,6.7475440531107e-07,0.041121662095126514,0.09980434342350242,0.1,0.05887833790487349
0.1,7.149428986597577e-07,0.03740943261857579,0.09959808965946643,0.1,0.06259056738142421
0.1,7.57525025877192e-07,0.033931071812501094,0.0992402382696895,0.1,0.0660689281874989
0.1,8.026433522257174e-07,0.03069342433428949,0.09866554323096999,0.1,0.06930657566571052
0.1,8.504489341802686e-07,0.027697490101934244,0.09780368298143702,0.1,0.07230250989806576
0.1,9.011018251665019e-07,0.02493959899995847,0.09658722048302237,0.1,0.07506040100004154
0.1,9.547716114208066e-07,0.02241248697174625,0.09496003895064999,0.1,0.07758751302825376
0.1,1.011637979766207e-06,0.020106245258664612,0.09288455368032805,0.1,0.0798937547413354
0.1,1.0718913192051285e-06,0.01800913173361569,0.09034640588980039,0.1,0.08199086826638431
0.1,1.1357333583431052e-06,0.016108245216474148,0.08735603293410053,0.1,0.08389175478352585
0.1,1.2033778407775905e-06,0.014390071323853993,0.08394721882363324,0.1,0.08560992867614602
0.1,1.2750512407130129e-06,0.012840912791233462,0.08017326278954866,0.1,0.08715908720876654
0.1,1.3509935211980278e-06,0.01144721920956664,0.07610167594270921,0.1,0.08855278079043337
0.1,1.4314589375234786e-06,0.010195831488894426,0.07180834056421095,0.1,0.08980416851110558
0.1,1.5167168884709241e-06,0.009074155684788454,0.06737191557801403,0.1,0.09092584431521156
0.1,1.6070528182616385e-06,0.008070279537495052,0.06286903356545419,0.1,0.09192972046250496
0.1,1.7027691722259014e-06,0.007173043489941533,0.058370584223131045,0.1,0.09282695651005847
0.1,1.8041864093920718e-06,0.0063720762802568776,0.05393916526274742,0.1,0.09362792371974313
0.1,1.9116440753857036e-06,0.005657803581562349,0.04962762689790994,0.1,0.09434219641843766
0.1,2.0255019392306664e-06,0.00502143666522269,0.04547854282324844,0.1,0.09497856333477732
0.1,2.146141197858406e-06,0.004454946733267662,0.04152439971284486,0.1,0.09554505326673235
0.1,2.2739657523579273e-06,0.003951029415026164,0.03778829463112428,0.1,0.09604897058497384
0.1,2.409403560239527e-06,0.0035030629494048784,0.034284951093449444,0.1,0.09649693705059513
0.1,2.5529080682395166e-06,0.0031050627652898124,0.031021897944300682,0.1,0.0968949372347102
0.1,2.704959730463137e-06,0.0027516345108841937,0.02800069210749362,0.1,0.0972483654891158
0.1,2.8660676169482502e-06,0.0024379270492040474,0.025218101119862415,0.1,0.09756207295079596
0.1,3.0367711180354605e-06,0.0021595865122987393,0.02266719125156748,0.1,0.09784041348770127
0.1,3.2176417502507353e-06,0.001912712173151099,0.020338290831308836,0.1,0.0980872878268489
0.1,3.4092850697468146e-06,0.0016938146355547357,0.018219816182046135,0.1,0.09830618536444527
0.1,3.6123426997094304e-06,0.0014997766445332796,0.01629896001976232,0.1,0.09850022335546672
0.1,3.827494478516315e-06,0.0013278166710768092,0.014562250233883023,0.1,0.09867218332892319
0.1,4.0554607358408275e-06,0.0011754553150791103,0.012995991653301365,0.1,0.0988245446849209
0.1,4.297004704320844e-06,0.0010404844910559597,0.011586605618117564,0.1,0.09895951550894405
0.1,4.5529350748669476e-06,0.0009209393057253879,0.010320882688776256,0.1,0.09907906069427462
0.1,4.824108704165373e-06,0.0008150724993501225,0.009186163234539624,0.1,0.09918492750064989
0.1,5.111433483440165e-06,0.0007213312994906796,0.00817045940461405,0.1,0.09927866870050933
0.1,5.4158713780794765e-06,0.0006383365230121619,0.007262530421354264,0.1,0.09936166347698784
0.1,5.738441648302393e-06,0.0005648637570893511,0.006451921466116739,0.1,0.09943513624291066
0.1,6.080224261649427e-06,0.0004998264504261996,0.005728974795928311,0.1,0.0995001735495738
0.1,6.44236350872137e-06,0.0004422607502976517,0.005084820216888575,0.1,0.09955773924970235
0.1,6.826071834272393e-06,0.0003913119280677835,0.004511350691302241,0.1,0.09960868807193222
0.1,7.232633896483534e-06,0.00034622224458298324,0.004001187685905206,0.1,0.09965377775541702
0.1,7.663410868007463e-06,0.00030632011656400726,0.0035476398768115925,0.1,0.099693679883436
0.1,8.119844993184008e-06,0.00027101045529858147,0.0031446580013326344,0.1,0.09972898954470143
0.1,8.603464416684509e-06,0.00023976605918446525,0.0027867879705816504,0.1,0.09976023394081554
0.1,9.115888299750819e-06,0.00021211995172064625,0.0024691238106562597,0.1,0.09978788004827936
0.1,9.658832241158709e-06,0.0001876585662071495,0.002187261564967735,0.1,0.09981234143379286
0.1,1.0234114021054528e-05,0.00016601568757238506,0.001937254947908218,0.1,0.09983398431242763
0.1,1.0843659686896109e-05,0.00014686707032807167,0.001715573274216986,0.1,0.09985313292967193
0.1,1.148951000187311e-05,0.0001299256596210663,0.0015190619848760136,0.1,0.09987007434037894
0.1,1.217382727739662e-05,0.00011493734969788561,0.0013449059369427642,0.1,0.09988506265030211
0.1,1.289890261253308e-05,0.0001016772208292327,0.0011905955111710998,0.1,0.09989832277917077
0.1,1.3667163564620073e-05,8.994620188047532e-05,0.0010538955091014214,0.1,0.09991005379811953
0.1,1.448118227674536e-05,7.956811128732034e-05,0.0009328167535803567,0.1,0.09992043188871269
0.1,1.5343684089300132e-05,7.038703423949411e-05,0.0008255902677910432,0.1,0.09992961296576051
0.1,1.6257556664437934e-05,6.226499842457712e-05,0.0007306438833388773,0.1,0.09993773500157543
0.1,1.7225859653987876e-05,5.507991477856633e-05,0.0006465811141758038,0.1,0.09994492008522143
0.1,1.8251834943190462e-05,4.872375336537616e-05,0.0005721621273487076,0.1,0.09995127624663463
0.1,1.933891750455232e-05,4.310092780204222e-05,0.0005062866415293188,0.1,0.09995689907219796
0.1,2.049074689815846e-05,3.8126864593768243e-05,0.0004479785883285015,0.1,0.09996187313540623
0.1,2.171117945694505e-05,3.372673637667134e-05,0.00039637237821560367,0.1,0.09996627326362334
0.1,2.3004301197729215e-05,2.9834340416035054e-05,0.0003507006214664044,0.1,0.09997016565958397
0.1,2.4374441501222216e-05,2.6391105802758832e-05,0.00031028316421387596,0.1,0.09997360889419725
0.1,2.5826187606826748e-05,2.3345214656678162e-05,0.0002745173098261056,0.1,0.09997665478534333
0.1,2.736439997074672e-05,2.065082430529053e-05,0.00024286910609101487,0.1,0.09997934917569472
0.1,2.8994228538828813e-05,1.8267378882930174e-05,0.00021486558876633312,0.1,0.09998173262111708
0.1,3.072112998861759e-05,1.6159000107429655e-05,0.00019008788176322344,0.1,0.09998384099989258
0.1,3.2550885998350565e-05,1.4293948156463011e-05,0.00016816506344708993,0.1,0.09998570605184354
0.1,3.44896226040576e-05,1.264414460017127e-05,0.00014876871718334518,0.1,0.09998735585539983
0.1,3.654383070957262e-05,1.1184750264947586e-05,0.00013160809229033623,0.1,0.09998881524973506
0.1,3.872038781812557e-05,9.893791717030533e-06,0.00011642580897286425,0.1,0.09999010620828297
0.1,4.10265810582719e-05,8.75183077713171e-06,0.00010299404760564235,0.1,0.09999124816922288
0.1,4.3470131581250265e-05,7.741672117034248e-06,9.111116893519845e-05,0.1,0.09999225832788297
0.1,4.605922041145113e-05,6.848104556722579e-06,8.059871739999336e-05,0.1,0.09999315189544328
0.1,4.8802515836544335e-05,6.057672183046315e-06,7.129876486597909e-05,0.1,0.09999394232781696
0.1,5.170920242896755e-05,5.358471856364844e-06,6.307155667435449e-05,0.1,0.09999464152814364
0.1,5.478901179593945e-05,4.73997406603699e-06,5.579342603839743e-05,0.1,0.09999526002593397
0.1,5.805225516094908e-05,4.192864445096145e-06,4.93549465445331e-05,0.1,0.0999958071355549
0.1,6.150985788580505e-05,3.7089035633597337e-06,4.36592958452664e-05,0.1,0.09999629109643665
0.1,6.51733960488242e-05,3.2808028926578637e-06,3.862080661413137e-05,0.1,0.09999671919710734
0.1,6.90551352016233e-05,2.9021150798724807e-06,3.416368349787868e-05,0.1,0.09999709788492013
0.1,7.316807143427207e-05,2.567136878262044e-06,3.0220867179375778e-05,0.1,0.09999743286312174
0.1,7.752597488629464e-05,2.270823277594758e-06,2.673302878547501e-05,0.1,0.09999772917672241
0.1,8.214343584919422e-05,2.0087115415901026e-06,2.3647679762328622e-05,0.1,0.09999799128845842
0.1,8.703591361485166e-05,1.776854010060447e-06,2.0918384021828553e-05,0.1,0.09999822314598994
0.1,9.22197882333434e-05,1.5717586548502638e-06,1.8504060656932e-05,0.1,0.09999842824134515
0.1,9.771241535346502e-05,1.3903364951106667e-06,1.6368366852637094e-05,0.1,0.09999860966350489
0.1,0.00010353218432956627,1.2298550806644215e-06,1.4479151798763024e-05,0.1,0.09999877014491934
0.1,0.00010969857978923841,1.0878973432992824e-06,1.2807973458284218e-05,0.1,0.09999891210265671
0.1,0.0001162322468679853,9.62325196862679e-07,1.1329670974746799e-05,0.1,0.09999903767480314
0.1,0.00012315506032928262,8.512473378963215e-07,1.0021986326680389e-05,0.1,0.09999914875266211
0.1,0.0001304901978014403,7.529907625758447e-07,8.865229568211231e-06,0.1,0.09999924700923743
0.1,0.00013826221737646565,6.660755706655586e-07,7.841982643297386e-06,0.1,0.09999933392442933
0.1,0.00014649713983072864,5.891926775580814e-07,6.936837335735913e-06,0.1,0.09999941080732244
0.1,0.0001552225357427048,5.211840985896999e-07,6.136163426095909e-06,0.1,0.09999947881590142
0.1,0.00016446761779946643,4.610255088133286e-07,5.427903577603921e-06,0.1,0.0999995389744912
0.1,0.00017426333860096508,4.0781081573904036e-07,4.801391872810701e-06,0.1,0.09999959218918426
0.1,0.00018464249428955444,3.60738512616976e-07,4.247193276507577e-06,0.1,0.09999963926148739
0.1,0.0001956398343517065,3.1909960679366023e-07,3.7569616136434725e-06,0.1,0.09999968090039321
0.1,0.0002072921779595372,2.822669414204171e-07,3.3233139284827297e-06,0.1,0.09999971773305859
0.1,0.0002196385372416547,2.496857496203653e-07,2.9397193367586284e-06,0.1,0.09999975031425039
0.1,0.00023272024789604097,2.2086529891662823e-07,2.6004006999147403e-06,0.1,0.0999997791347011
0.1,0.0002465811075822604,1.95371500089081e-07,2.300247643127751e-06,0.1,0.09999980462849992
0.1,0.0002612675225563329,1.7282036911536737e-07,2.0347396089026583e-06,0.1,0.09999982717963089
0.1,0.00027682866303920667,1.5287224380822195e-07,1.7998777887995311e-06,0.1,0.0999998471277562
0.1,0.00029331662783900454,1.3522666787446626e-07,1.5921249094108525e-06,0.1,0.09999986477333213
0.1,0.0003107866187782014,1.1961786563485788e-07,1.4083519664587208e-06,0.1,0.09999988038213437
0.1,0.00032929712550971513,1.058107389262375e-07,1.2457911055308025e-06,0.1,0.09999989418926108
0.1,0.0003489101213406774,9.359732614511174e-08,1.1019939404222078e-06,0.1,0.09999990640267387
0.1,0.0003696912707195028,8.279366998653615e-08,9.747946815075183e-07,0.09999999999999998,0.09999991720632999
0.1,0.00039171014908092607,7.323704670492148e-08,8.62277519397825e-07,0.0999999999999983,0.0999999267629516
0.1,0.0004150404757850477,6.478351524119575e-08,7.627477727201182e-07,0.09999999999993381,0.09999993521641856
0.1,0.00043976036093027214,5.730574914597497e-08,6.747063657330799e-07,0.09999999999831471,0.09999994269256557
0.1,0.0004659525668664682,5.0691118846923903e-08,5.968272515755047e-07,0.09999999997047386,0.09999994927935502
0.1,0.0004937047852839004,4.483999526128102e-08,5.279374410749327e-07,0.09999999962829159,0.09999995478829633
0.1,0.0005231099308056264,3.966424916290734e-08,4.669993367123482e-07,0.09999999650675685,0.09999995684250769
0.1,0.0005542664520663107,3.5085923810740384e-08,4.1309510530052056e-07,0.09999997465211619,0.09999993956619238
0.1,0.0005872786613189483,3.103606073251442e-08,3.6541285458602246e-07,0.09999985367953453,0.09999982264347379
0.1,0.0006222570836730231,2.745366115552983e-08,3.232344051196101e-07,0.09999931009938189,0.09999928264572074
0.1,0.0006593188271333549,2.4284767186077972e-08,2.8592447364195196e-07,0.09999728024342897,0.09999725595866178
0.1,0.0006985879746785249,2.148164913728934e-08,2.529211048485358e-07,0.09999084815539917,0.09999082667375003
0.1,0.0007401959996915645,1.9002086582009528e-08,2.2372720756003162e-07,0.09997322930360228,0.0999732103015157
0.1,0.0007842822061337681,1.6808732494766333e-08,1.9790306778899592e-07,0.09993081622188518,0.0999307994131527
0.1,0.0008309941949353395,1.4868550701763185e-08,1.7505972600417864e-07,0.09983976655452285,0.09983975168597216
0.1,0.0008804883581643465,1.3152318290021725e-08,1.548531187944846e-07,0.09966317820285571,0.09966316505053742
0.1,0.0009329304026284687,1.1634185437259249e-08,1.3697889668096154e-07,0.09935016212250587,0.09935015048832044
0.1,0.0009884959046625587,1.0291286134389567e-08,1.211678401280558e-07,0.09883783865869317,0.09883782836740704
0.1,0.0010473708979594509,9.103393672216243e-09,1.0718180466495753e-07,0.0980564891931754,0.09805648008978173
0.1,0.0011097524964120721,8.052616096154708e-09,9.481013399925687e-08,0.096937117964542,0.0969371099119259
0.1,0.0011758495540521582,7.123126632979649e-09,8.386648715497103e-08,0.09541993390585185,0.09541992678272522
0.1,0.0012458833642950082,6.300925359248311e-09,7.418603188424911e-08,0.0934620238512725,0.09346201755034714
0.1,0.0013200884008314193,5.573628336641434e-09,6.562296195333772e-08,0.09104278124922689,0.09104277567559856
0.1,0.0013987131026472386,4.9302810278817334e-09,5.804830107702941e-08,0.08816629578088248,0.08816629085060144
0.1,0.00148202070579886,4.36119338420582e-09,5.134796026151634e-08,0.08486063616468105,0.08486063180348767
0.1,0.0015702901247293774,3.857793828832002e-09,4.5421019467806195e-08,0.08117455021337912,0.08117454635558528
0.1,0.0016638168860761307,3.412500182431444e-09,4.017820750545909e-08,0.07717244780060119,0.077172444388101
0.1,0.001762914118095948,3.0186054544856234e-09,3.554055748589136e-08,0.07292861520871773,0.07292861219011228
0.1,0.0018679135990207847,2.670176824093318e-09,3.143821741824482e-08,0.06852149500896114,0.06852149233878431
0.1,0.0019791668678535573,2.361966267017124e-09,2.7809398106537487e-08,0.06402864181258938,0.06402863945062312
0.1,0.002097046401323235,2.089331541110795e-09,2.459944249411095e-08,0.05952271113901891,0.05952270904968737
0.1,0.002221946860939524,1.848166220064229e-09,2.1760002411053136e-08,0.05506861222775822,0.055068610379592
0.1,0.0023542864143224203,1.6348378983899182e-09,1.924831036781427e-08,0.05072178469023006,0.05072178305539216
0.1,0.0024945081352303164,1.4461334352233735e-09,1.702653541491017e-08,0.04652745036942127,0.046527448923287834
0.1,0.0026430814869741084,1.2792105597014825e-09,1.50612132876482e-08,0.042520638693335035,0.04252063741412448
0.1,0.002800503894183631,1.1315550940693698e-09,1.3322742398180765e-08,0.03872677276070814,0.03872677162915305
0.1,0.0029673024081888727,1.0009430617685666e-09,1.1784938014347546e-08,0.03516261983514646,0.035162618834203394
0.1,0.0031440354715915,8.854071809061282e-10,1.0424637786332625e-08,0.0318374412062169,0.03183744032080972
0.1,0.003331294787934677,7.832072657087963e-10,9.221352936794604e-09,0.02875421301579517,0.028754212232587905
0.1,0.00352970730273065,6.928039808506981e-10,8.156959674376908e-09,0.025910825396352723,0.025910824703548743
0.1,0.0037399373024788016,6.128356822010517e-10,7.2154261454571156e-09,0.023301198602350526,0.023301197989514844
0.1,0.003962688638701479,5.420978888004413e-10,6.382571016150252e-09,0.020916280224245565,0.020916279682147678
0.1,0.004198707084443914,4.795251418165947e-10,5.645849876501075e-09,0.018744906863533396,0.018744906384008254
0.1,0.004448782831127585,4.2417498402613775e-10,4.994166247218601e-09,0.016774527381047854,0.01677452695687287
0.1,0.004713753134116729,3.75213726755419e-10,4.417704524417587e-09,0.01499179392597112,0.014991793550757394
0.1,0.00499450511585514,3.3190392656479165e-10,3.907782053502729e-09,0.013383032415211604,0.013383032083307678
0.1,0.005291978735958447,2.9359323860944645e-10,3.456718422611971e-09,0.011934606904191193,0.011934606610597955
0.1,0.005607169938205458,2.5970464667679494e-10,3.0577197107639623e-09,0.010633193175759316,0.01063319291605467
0.1,0.00594113398496504,2.2972771462903552e-10,2.7047762363174854e-09,0.009465976518359998,0.009465976288632284
0.1,0.006294988990221888,2.0321092586428336e-10,2.3925719738748796e-09,0.008420787557118925,0.008420787353908
0.1,0.006669919663030129,1.7975489985389006e-10,2.1164045183041934e-09,0.00748618849650109,0.0074861883167461896
0.1,0.0070671812739274914,1.5900631922249887e-10,1.8721142525102154e-09,0.006651520475055739,0.0066515203160494194
0.1,0.0074881038575900305,1.4065270059759884e-10,1.6560216753447322e-09,0.005906921081021566,0.005906920940368866
0.1,0.007934096665797492,1.2441757624159779e-10,1.4648720347842926e-09,0.0052433195289538275,0.0052433194045362515
0.1,0.008406652885618334,1.1005643063555227e-10,1.2957862116635967e-09,0.004652415604218064,0.004652415494161633
0.1,0.00890735463861044,9.735293682311408e-11,1.1462174764886869e-09,0.004126647266064843,0.004126647168711906
0.1,0.009437878277775391,8.611578117267982e-11,1.0139129980046846e-09,0.0036591507633418675,0.0036591506772260863
0.1,0.01,7.617568797968489e-11,8.968800480069206e-10,0.0032437162501693264,0.0032437161739936383
0.2,1e-07,0.19999999999998652,0.2,0.2,1.3489209749195652e-14
0.2,1.059560179277617e-07,0.1999999999995525,0.2,0.2,4.4750314565078497e-13
0.2,1.1226677735108136e-07,0.19999999999010187,0.2,0.2,9.898137864894352e-12
0.2,1.1895340673703207e-07,0.1999999998468615,0.2,0.2,1.531385018793685e-10
0.2,1.2603829296797274e-07,0.19999999827292644,0.2,0.2,1.7270735674923543e-09
0.2,1.3354515629299e-07,0.19999998527409732,0.2,0.2,1.4725902691692383e-08
0.2,1.4149912974345758e-07,0.19999990195693482,0.2,0.2,9.8043065194231e-08
0.2,1.499268432786047e-07,0.19999947553473216,0.2,0.2,5.244652678537687e-07
0.2,1.5885651294280528e-07,0.19999768819551478,0.2,0.2,2.311804485233271e-06
0.2,1.6831803533309585e-07,0.19999141335681306,0.2,0.2,8.586643186953014e-06
0.2,1.7834308769319093e-07,0.19997258949312244,0.2,0.2,2.7410506877573182e-05
0.2,1.8896523396912115e-07,0.19992347123798013,0.2,0.2,7.652876201988401e-05
0.2,2.0022003718155845e-07,0.19981021472197164,0.2,0.2,0.00018978527802837597
0.2,2.121451784910632e-07,0.19957618964027546,0.2,0.2,0.0004238103597245524
0.2,2.2478058335487253e-07,0.19913740470654526,0.2,0.2,0.0008625952934547543
0.2,2.3816855519761606e-07,0.1983825989474537,0.2,0.2,0.001617401052546319
0.2,2.523539170434766e-07,0.1971795685174993,0.2,0.2,0.002820431482500718
0.2,2.673841615839949e-07,0.19538748267421432,0.2,0.2,0.004612517325785687
0.2,2.833096101839324e-07,0.19287306721064754,0.2,0.2,0.007126932789352475
0.2,3.0018358135755923e-07,0.18952737172021458,0.19999999999999984,0.2,0.010472628279785429
0.2,3.180625692794119e-07,0.1852797651680621,0.19999999999999088,0.2,0.014720234831937906
0.2,3.370064329271932e-07,0.18010669880296523,0.1999999999996839,0.2,0.01989330119703478
0.2,3.5707859649004626e-07,0.1740341805423946,0.1999999999927219,0.2,0.0259658194576054
0.2,3.783462617131933e-07,0.16713430213222025,0.19999999988332914,0.2,0.032865697867779764
0.2,4.008806328898465e-07,0.15951717723141093,0.19999999864223886,0.2,0.04048282276858908
0.2,4.247571552536903e-07,0.15132013707505265,0.19999998809703531,0.2,0.04867986292494736
0.2,4.500557675700497e-07,0.14269603452792287,0.19999991878081116,0.2,0.05730396547207714
0.2,4.768611697714474e-07,0.13380217886492063,0.19999955598707805,0.2,0.06619782113507938
0.2,5.052631065335679e-07,0.12479093841750372,0.1999980048397186,0.2,0.0752090615824963
0.2,5.35356667741073e-07,0.1158025513690194,0.199992462378012,0.2,0.08419744863098061
0.2,5.672426068491978e-07,0.10696026827923662,0.1999755735749004,0.2,0.0930397317207634
0.2,6.010276782070388e-07,0.0983676534458454,0.19993088926994204,0.2,0.10163234655415461
0.2,6.368249944718587e-07,0.09010769786158385,0.19982658193733233,0.2,0.10989230213841616
0.2,6.7475440531107e-07,0.08224332419025303,0.19960868684700483,0.2,0.11775667580974698
0.2,7.149428986597577e-07,0.07481886523715157,0.19919617931893285,0.2,0.12518113476284842
0.2,7.57525025877192e-07,0.06786214362500219,0.198480476539379,0.2,0.1321378563749978
0.2,8.026433522257174e-07,0.06138684866857898,0.19733108646193998,0.2,0.13861315133142105
0.2,8.504489341802686e-07,0.05539498020386849,0.19560736596287404,0.2,0.14460501979613152
0.2,9.011018251665019e-07,0.04987919799991694,0.19317444096604475,0.2,0.15012080200008307
0.2,9.547716114208066e-07,0.0448249739434925,0.18992007790129997,0.2,0.15517502605650751
0.2,1.011637979766207e-06,0.040212490517329225,0.1857691073606561,0.2,0.1597875094826708
0.2,1.0718913192051285e-06,0.03601826346723138,0.18069281177960078,0.2,0.16398173653276862
0.2,1.1357333583431052e-06,0.032216490432948296,0.17471206586820107,0.2,0.1677835095670517
0.2,1.2033778407775905e-06,0.028780142647707986,0.16789443764726647,0.2,0.17121985735229203
0.2,1.2750512407130129e-06,0.025681825582466924,0.16034652557909732,0.2,0.17431817441753308
0.2,1.3509935211980278e-06,0.02289443841913328,0.15220335188541842,0.2,0.17710556158086674
0.2,1.4314589375234786e-06,0.02039166297778885,0.1436166811284219,0.2,0.17960833702221116
0.2,1.5167168884709241e-06,0.018148311369576908,0.13474383115602806,0.2,0.18185168863042311
0.2,1.6070528182616385e-06,0.016140559074990103,0.12573806713090838,0.2,0.18385944092500991
0.2,1.7027691722259014e-06,0.014346086979883066,0.11674116844626209,0.2,0.18565391302011694
0.2,1.8041864093920718e-06,0.012744152560513755,0.10787833052549484,0.2,0.18725584743948626
0.2,1.9116440753857036e-06,0.011315607163124698,0.09925525379581988,0.2,0.18868439283687533
0.2,2.0255019392306664e-06,0.01004287333044538,0.09095708564649688,0.2,0.18995712666955464
0.2,2.146141197858406e-06,0.008909893466535325,0.08304879942568973,0.2,0.1910901065334647
0.2,2.2739657523579273e-06,0.007902058830052327,0.07557658926224856,0.2,0.1920979411699477
0.2,2.409403560239527e-06,0.007006125898809757,0.06856990218689889,0.2,0.19299387410119026
0.2,2.5529080682395166e-06,0.006210125530579625,0.062043795888601365,0.2,0.1937898744694204
0.2,2.704959730463137e-06,0.005503269021768387,0.05600138421498724,0.2,0.1944967309782316
0.2,2.8660676169482502e-06,0.004875854098408095,0.05043620223972483,0.2,0.1951241459015919
0.2,3.0367711180354605e-06,0.0043191730245974785,0.04533438250313496,0.2,0.19568082697540254
0.2,3.2176417502507353e-06,0.003825424346302198,0.04067658166261767,0.2,0.1961745756536978
0.2,3.4092850697468146e-06,0.0033876292711094713,0.03643963236409227,0.2,0.19661237072889054
0.2,3.6123426997094304e-06,0.002999553289066559,0.03259792003952464,0.2,0.19700044671093345
0.2,3.827494478516315e-06,0.0026556333421536185,0.029124500467766046,0.2,0.19734436665784638
0.2,4.0554607358408275e-06,0.0023509106301582206,0.02599198330660273,0.2,0.1976490893698418
0.2,4.297004704320844e-06,0.0020809689821119194,0.023173211236235128,0.2,0.1979190310178881
0.2,4.5529350748669476e-06,0.0018418786114507758,0.020641765377552513,0.2,0.19815812138854924
0.2,4.824108704165373e-06,0.001630144998700245,0.01837232646907925,0.2,0.19836985500129978
0.2,5.111433483440165e-06,0.0014426625989813592,0.0163409188092281,0.2,0.19855733740101866
0.2,5.4158713780794765e-06,0.0012766730460243238,0.014525060842708527,0.2,0.19872332695397568
0.2,5.738441648302393e-06,0.0011297275141787023,0.012903842932233478,0.2,0.19887027248582131
0.2,6.080224261649427e-06,0.0009996529008523992,0.011457949591856621,0.2,0.1990003470991476
0.2,6.44236350872137e-06,0.0008845215005953034,0.01016964043377715,0.2,0.1991154784994047
0.2,6.826071834272393e-06,0.000782623856135567,0.009022701382604482,0.2,0.19921737614386445
0.2,7.232633896483534e-06,0.0006924444891659665,0.008002375371810411,0.2,0.19930755551083404
0.2,7.663410868007463e-06,0.0006126402331280145,0.007095279753623185,0.2,0.199387359766872
0.2,8.119844993184008e-06,0.0005420209105971629,0.006289316002665269,0.2,0.19945797908940285
0.2,8.603464416684509e-06,0.0004795321183689305,0.005573575941163301,0.2,0.19952046788163108
0.2,9.115888299750819e-06,0.0004242399034412925,0.0049382476213125194,0.2,0.19957576009655872
0.2,9.658832241158709e-06,0.000375317132414299,0.00437452312993547,0.2,0.19962468286758572
0.2,1.0234114021054528e-05,0.0003320313751447701,0.003874509895816436,0.2,0.19966796862485525
0.2,1.0843659686896109e-05,0.00029373414065614334,0.003431146548433972,0.2,0.19970626585934387
0.2,1.148951000187311e-05,0.0002598513192421326,0.003038123969752027,0.2,0.19974014868075787
0.2,1.217382727739662e-05,0.00022987469939577123,0.0026898118738855285,0.2,0.19977012530060423
0.2,1.289890261253308e-05,0.0002033544416584654,0.0023811910223421997,0.2,0.19979664555834153
0.2,1.3667163564620073e-05,0.00017989240376095064,0.002107791018202843,0.2,0.19982010759623905
0.2,1.448118227674536e-05,0.00015913622257464067,0.0018656335071607134,0.2,0.19984086377742538
0.2,1.5343684089300132e-05,0.00014077406847898822,0.0016511805355820864,0.2,0.19985922593152103
0.2,1.6257556664437934e-05,0.00012452999684915423,0.0014612877666777546,0.2,0.19987547000315087
0.2,1.7225859653987876e-05,0.00011015982955713266,0.0012931622283516076,0.2,0.19988984017044287
0.2,1.8251834943190462e-05,9.744750673075232e-05,0.0011443242546974152,0.2,0.19990255249326927
0.2,1.933891750455232e-05,8.620185560408445e-05,0.0010125732830586376,0.2,0.19991379814439592
0.2,2.049074689815846e-05,7.625372918753649e-05,0.000895957176657003,0.2,0.19992374627081247
0.2,2.171117945694505e-05,6.745347275334268e-05,0.0007927447564312073,0.2,0.19993254652724668
0.2,2.3004301197729215e-05,5.966868083207011e-05,0.0007014012429328088,0.2,0.19994033131916794
0.2,2.4374441501222216e-05,5.2782211605517665e-05,0.0006205663284277519,0.2,0.1999472177883945
0.2,2.5826187606826748e-05,4.6690429313356324e-05,0.0005490346196522112,0.2,0.19995330957068666
0.2,2.736439997074672e-05,4.130164861058106e-05,0.00048573821218202975,0.2,0.19995869835138944
0.2,2.8994228538828813e-05,3.653475776586035e-05,0.00042973117753266623,0.2,0.19996346524223416
0.2,3.072112998861759e-05,3.231800021485931e-05,0.0003801757635264469,0.2,0.19996768199978515
0.2,3.2550885998350565e-05,2.8587896312926023e-05,0.00033633012689417987,0.2,0.19997141210368707
0.2,3.44896226040576e-05,2.528828920034254e-05,0.00029753743436669036,0.2,0.19997471171079967
0.2,3.654383070957262e-05,2.2369500529895172e-05,0.00026321618458067245,0.2,0.19997763049947012
0.2,3.872038781812557e-05,1.9787583434061065e-05,0.0002328516179457285,0.2,0.19998021241656594
0.2,4.10265810582719e-05,1.750366155426342e-05,0.0002059880952112847,0.2,0.19998249633844575
0.2,4.3470131581250265e-05,1.5483344234068497e-05,0.0001822223378703969,0.2,0.19998451665576594
0.2,4.605922041145113e-05,1.3696209113445158e-05,0.00016119743479998673,0.2,0.19998630379088655
0.2,4.8802515836544335e-05,1.211534436609263e-05,0.00014259752973195817,0.2,0.1999878846556339
0.2,5.170920242896755e-05,1.0716943712729688e-05,0.00012614311334870897,0.2,0.19998928305628727
0.2,5.478901179593945e-05,9.47994813207398e-06,0.00011158685207679486,0.2,0.19999052005186793
0.2,5.805225516094908e-05,8.38572889019229e-06,9.87098930890662e-05,0.2,0.1999916142711098
0.2,6.150985788580505e-05,7.417807126719467e-06,8.73185916905328e-05,0.2,0.1999925821928733
0.2,6.51733960488242e-05,6.561605785315727e-06,7.724161322826274e-05,0.2,0.19999343839421468
0.2,6.90551352016233e-05,5.804230159744961e-06,6.832736699575736e-05,0.2,0.19999419576984026
0.2,7.316807143427207e-05,5.134273756524088e-06,6.0441734358751556e-05,0.2,0.19999486572624348
0.2,7.752597488629464e-05,4.541646555189516e-06,5.346605757095002e-05,0.2,0.19999545835344482
0.2,8.214343584919422e-05,4.017423083180205e-06,4.7295359524657245e-05,0.2,0.19999598257691684
0.2,8.703591361485166e-05,3.553708020120894e-06,4.1836768043657106e-05,0.2,0.19999644629197988
0.2,9.22197882333434e-05,3.1435173097005276e-06,3.7008121313864e-05,0.2,0.1999968564826903
0.2,9.771241535346502e-05,2.7806729902213335e-06,3.273673370527419e-05,0.2,0.19999721932700978
0.2,0.00010353218432956627,2.459710161328843e-06,2.895830359752605e-05,0.2,0.19999754028983868
0.2,0.00010969857978923841,2.1757946865985647e-06,2.5615946916568436e-05,0.2,0.19999782420531342
0.2,0.0001162322468679853,1.924650393725358e-06,2.2659341949493597e-05,0.2,0.19999807534960629
0.2,0.00012315506032928262,1.702494675792643e-06,2.0043972653360778e-05,0.2,0.19999829750532422
0.2,0.0001304901978014403,1.5059815251516895e-06,1.7730459136422463e-05,0.2,0.19999849401847486
0.2,0.00013826221737646565,1.3321511413311173e-06,1.5683965286594772e-05,0.2,0.19999866784885867
0.2,0.00014649713983072864,1.1783853551161629e-06,1.3873674671471826e-05,0.2,0.19999882161464488
0.2,0.0001552225357427048,1.0423681971793998e-06,1.2272326852191817e-05,0.2,0.19999895763180284
0.2,0.00016446761779946643,9.220510176266572e-07,1.0855807155207842e-05,0.2,0.1999990779489824
0.2,0.00017426333860096508,8.156216314780807e-07,9.602783745621402e-06,0.2,0.19999918437836853
0.2,0.00018464249428955444,7.21477025233952e-07,8.494386553015154e-06,0.2,0.19999927852297478
0.2,0.0001956398343517065,6.381992135873205e-07,7.513923227286945e-06,0.2,0.19999936180078642
0.2,0.0002072921779595372,5.645338828408342e-07,6.6466278569654594e-06,0.2,0.19999943546611718
0.2,0.0002196385372416547,4.993714992407306e-07,5.879438673517257e-06,0.2,0.19999950062850078
0.2,0.00023272024789604097,4.4173059783325645e-07,5.200801399829481e-06,0.2,0.1999995582694022
0.2,0.0002465811075822604,3.90743000178162e-07,4.600495286255502e-06,0.2,0.19999960925699983
0.2,0.0002612675225563329,3.4564073823073473e-07,4.069479217805317e-06,0.2,0.19999965435926179
0.2,0.00027682866303920667,3.057444876164439e-07,3.5997555775990623e-06,0.2,0.1999996942555124
0.2,0.00029331662783900454,2.704533357489325e-07,3.184249818821705e-06,0.2,0.19999972954666426
0.2,0.0003107866187782014,2.3923573126971577e-07,2.8167039329174416e-06,0.2,0.19999976076426873
0.2,0.00032929712550971513,2.11621477852475e-07,2.491582211061605e-06,0.2,0.19999978837852217
0.2,0.0003489101213406774,1.871946522902235e-07,2.2039878808444157e-06,0.2,0.19999981280534773
0.2,0.0003696912707195028,1.655873399730723e-07,1.9495893630150365e-06,0.19999999999999996,0.19999983441265998
0.2,0.00039171014908092607,1.4647409340984296e-07,1.72455503879565e-06,0.1999999999999966,0.1999998535259032
0.2,0.0004150404757850477,1.295670304823915e-07,1.5254955454402364e-06,0.19999999999986762,0.19999987043283712
0.2,0.00043976036093027214,1.1461149829194994e-07,1.3494127314661598e-06,0.19999999999662943,0.19999988538513114
0.2,0.0004659525668664682,1.0138223769384781e-07,1.1936545031510094e-06,0.19999999994094772,0.19999989855871003
0.2,0.0004937047852839004,8.967999052256204e-08,1.0558748821498654e-06,0.19999999925658318,0.19999990957659267
0.2,0.0005231099308056264,7.932849832581468e-08,9.339986734246964e-07,0.1999999930135137,0.19999991368501538
0.2,0.0005542664520663107,7.017184762148077e-08,8.261902106010411e-07,0.19999994930423237,0.19999987913238476
0.2,0.0005872786613189483,6.207212146502883e-08,7.308257091720449e-07,0.19999970735906905,0.19999964528694758
0.2,0.0006222570836730231,5.490732231105966e-08,6.464688102392202e-07,0.19999862019876377,0.19999856529144147
0.2,0.0006593188271333549,4.8569534372155944e-08,5.718489472839039e-07,0.19999456048685793,0.19999451191732356
0.2,0.0006985879746785249,4.296329827457868e-08,5.058422096970716e-07,0.19998169631079835,0.19998165334750007
0.2,0.0007401959996915645,3.8004173164019056e-08,4.4745441512006324e-07,0.19994645860720456,0.1999464206030314
0.2,0.0007842822061337681,3.3617464989532666e-08,3.9580613557799184e-07,0.19986163244377037,0.1998615988263054
0.2,0.0008309941949353395,2.973710140352637e-08,3.501194520083573e-07,0.1996795331090457,0.19967950337194432
0.2,0.0008804883581643465,2.630463658004345e-08,3.097062375889692e-07,0.19932635640571142,0.19932633010107484
0.2,0.0009329304026284687,2.3268370874518497e-08,2.739577933619231e-07,0.19870032424501174,0.19870030097664088
0.2,0.0009884959046625587,2.0582572268779134e-08,2.423356802561116e-07,0.19767567731738633,0.19767565673481408
0.2,0.0010473708979594509,1.8206787344432485e-08,2.1436360932991506e-07,0.1961129783863508,0.19611296017956345
0.2,0.0011097524964120721,1.6105232192309416e-08,1.8962026799851374e-07,0.193874235929084,0.1938742198238518
0.2,0.0011758495540521582,1.4246253265959298e-08,1.6773297430994206e-07,0.1908398678117037,0.19083985356545044
0.2,0.0012458833642950082,1.2601850718496622e-08,1.4837206376849821e-07,0.186924047702545,0.18692403510069427
0.2,0.0013200884008314193,1.1147256673282868e-08,1.3124592390667544e-07,0.18208556249845378,0.1820855513511971
0.2,0.0013987131026472386,9.860562055763467e-09,1.1609660215405883e-07,0.17633259156176495,0.1763325817012029
0.2,0.00148202070579886,8.72238676841164e-09,1.0269592052303268e-07,0.1697212723293621,0.16972126360697534
0.2,0.0015702901247293774,7.715587657664003e-09,9.084203893561239e-08,0.16234910042675824,0.16234909271117057
0.2,0.0016638168860761307,6.825000364862888e-09,8.035641501091818e-08,0.15434489560120238,0.154344888776202
0.2,0.001762914118095948,6.037210908971247e-09,7.108111497178272e-08,0.14585723041743545,0.14585722438022455
0.2,0.0018679135990207847,5.340353648186636e-09,6.287643483648964e-08,0.13704299001792228,0.13704298467756862
0.2,0.0019791668678535573,4.723932534034248e-09,5.5618796213074974e-08,0.12805728362517876,0.12805727890124624
0.2,0.002097046401323235,4.17866308222159e-09,4.91988849882219e-08,0.11904542227803783,0.11904541809937474
0.2,0.002221946860939524,3.696332440128458e-09,4.352000482210627e-08,0.11013722445551644,0.110137220759184
0.2,0.0023542864143224203,3.2696757967798365e-09,3.849662073562854e-08,0.10144356938046012,0.10144356611078433
0.2,0.0024945081352303164,2.892266870446747e-09,3.405307082982034e-08,0.09305490073884254,0.09305489784657567
0.2,0.0026430814869741084,2.558421119402965e-09,3.01224265752964e-08,0.08504127738667007,0.08504127482824896
0.2,0.002800503894183631,2.2631101881387397e-09,2.664548479636153e-08,0.07745354552141628,0.0774535432583061
0.2,0.0029673024081888727,2.001886123537133e-09,2.3569876028695093e-08,0.07032523967029292,0.07032523766840679
0.2,0.0031440354715915,1.7708143618122563e-09,2.084927557266525e-08,0.0636748824124338,0.06367488064161944
0.2,0.003331294787934677,1.5664145314175927e-09,1.8442705873589207e-08,0.05750842603159034,0.05750842446517581
0.2,0.00352970730273065,1.3856079617013961e-09,1.6313919348753816e-08,0.05182165079270545,0.051821649407097485
0.2,0.0037399373024788016,1.2256713644021035e-09,1.4430852290914231e-08,0.04660239720470105,0.04660239597902969
0.2,0.003962688638701479,1.0841957776008826e-09,1.2765142032300504e-08,0.04183256044849113,0.041832559364295356
0.2,0.004198707084443914,9.590502836331893e-10,1.129169975300215e-08,0.03748981372706679,0.03748981276801651
0.2,0.004448782831127585,8.483499680522755e-10,9.988332494437202e-09,0.03354905476209571,0.03354905391374574
0.2,0.004713753134116729,7.50427453510838e-10,8.835409048835174e-09,0.02998358785194224,0.02998358710151479
0.2,0.00499450511585514,6.638078531295833e-10,7.815564107005457e-09,0.02676606483042321,0.026766064166615356
0.2,0.005291978735958447,5.871864772188929e-10,6.913436845223942e-09,0.023869213808382386,0.02386921322119591
0.2,0.005607169938205458,5.194092933535899e-10,6.115439421527925e-09,0.021266386351518632,0.02126638583210934
0.2,0.00594113398496504,4.5945542925807105e-10,5.409552472634971e-09,0.018931953036719996,0.018931952577264568
0.2,0.006294988990221888,4.064218517285667e-10,4.785143947749759e-09,0.01684157511423785,0.016841574707816
0.2,0.006669919663030129,3.595097997077801e-10,4.232809036608387e-09,0.01497237699300218,0.014972376633492379
0.2,0.0070671812739274914,3.1801263844499774e-10,3.744228505020431e-09,0.013303040950111478,0.013303040632098839
0.2,0.0074881038575900305,2.813054011951977e-10,3.3120433506894645e-09,0.011813842162043132,0.011813841880737731
0.2,0.007934096665797492,2.4883515248319557e-10,2.929744069568585e-09,0.010486639057907655,0.010486638809072503
0.2,0.008406652885618334,2.2011286127110454e-10,2.5915724233271934e-09,0.009304831208436127,0.009304830988323265
0.2,0.00890735463861044,1.9470587364622817e-10,2.2924349529773738e-09,0.008253294532129685,0.008253294337423812
0.2,0.009437878277775391,1.7223156234535963e-10,2.0278259960093693e-09,0.007318301526683735,0.007318301354452173
0.2,0.01,1.5235137595936978e-10,1.7937600960138413e-09,0.006487432500338653,0.006487432347987277
