model,param1,value1,param2,value2,deltaB_FIRAS,deltaB_over_Bcmb,compatible
exponential,lambda_star_m,1e-08,,,0.0,0.0,True
exponential,lambda_star_m,1.1015819387358996e-08,,,0.0,0.0,True
exponential,lambda_star_m,1.2134827677491432e-08,,,0.0,0.0,True
exponential,lambda_star_m,1.3367506999197063e-08,,,0.0,0.0,True
exponential,lambda_star_m,1.4725404276241238e-08,,,0.0,0.0,True
exponential,lambda_star_m,1.6221239391291727e-08,,,0.0,0.0,True
exponential,lambda_star_m,1.7869024337358284e-08,,,0.0,0.0,True
exponential,lambda_star_m,1.9684194472866114e-08,,,0.0,0.0,True
exponential,lambda_star_m,2.168375310987433e-08,,,0.0,0.0,True
exponential,lambda_star_m,2.3886430789846005e-08,,,0.0,0.0,True
exponential,lambda_star_m,2.6312860738959445e-08,,,0.0,0.0,True
exponential,lambda_star_m,2.898577214651068e-08,,,0.0,0.0,True
exponential,lambda_star_m,3.193020307691027e-08,,,0.0,0.0,True
exponential,lambda_star_m,3.51737350096938e-08,,,0.0,0.0,True
exponential,lambda_star_m,3.874675120456128e-08,,,0.0,0.0,True
exponential,lambda_star_m,4.268272131163826e-08,,,0.0,0.0,True
exponential,lambda_star_m,4.701851489299856e-08,,,0.0,0.0,True
exponential,lambda_star_m,5.1794746792312124e-08,,,0.0,0.0,True
exponential,lambda_star_m,5.7056157587810205e-08,,,0.0,0.0,True
exponential,lambda_star_m,6.285203269240098e-08,,,0.0,0.0,True
exponential,lambda_star_m,6.923666402678735e-08,,,0.0,0.0,True
exponential,lambda_star_m,7.626985859023451e-08,,,0.0,0.0,True
exponential,lambda_star_m,8.401749869294344e-08,,,0.0,0.0,True
exponential,lambda_star_m,9.255215909791354e-08,,,0.0,0.0,True
exponential,lambda_star_m,1.0195378685327302e-07,,,0.0,0.0,True
exponential,lambda_star_m,1.1231045018329516e-07,,,0.0,0.0,True
exponential,lambda_star_m,1.2371916345321594e-07,,,0.0,0.0,True
exponential,lambda_star_m,1.3628679593557754e-07,,,0.0,0.0,True
exponential,lambda_star_m,1.5013107289081744e-07,,,0.0,0.0,True
exponential,lambda_star_m,1.6538167833956732e-07,,,0.0,0.0,True
exponential,lambda_star_m,1.8218146985669748e-07,,,0.0,0.0,True
exponential,lambda_star_m,2.0068781676649666e-07,,,0.0,0.0,True
exponential,lambda_star_m,2.210740742743128e-07,,,0.0,0.0,True
exponential,lambda_star_m,2.4353120734334173e-07,,,0.0,0.0,True
exponential,lambda_star_m,2.6826957952797275e-07,,,0.0,0.0,True
exponential,lambda_star_m,2.9552092352028877e-07,,,0.0,0.0,True
exponential,lambda_star_m,3.255405118685032e-07,,,0.0,0.0,True
exponential,lambda_star_m,3.586095482011829e-07,,,0.0,0.0,True
exponential,lambda_star_m,3.9503780135666407e-07,,,0.0,0.0,True
exponential,lambda_star_m,4.3516650709244203e-07,,,0.0,0.0,True
exponential,lambda_star_m,4.793715645558218e-07,,,0.0,0.0,True
exponential,lambda_star_m,5.280670574582637e-07,,,0.0,0.0,True
exponential,lambda_star_m,5.817091329374358e-07,,,0.0,0.0,True
exponential,lambda_star_m,6.40800274441601e-07,,,0.0,0.0,True
exponential,lambda_star_m,7.058940086618752e-07,,,0.0,0.0,True
exponential,lambda_star_m,7.776000906038043e-07,,,0.0,0.0,True
exponential,lambda_star_m,8.5659021536855e-07,,,0.0,0.0,True
exponential,lambda_star_m,9.43604310147889e-07,,,0.0,0.0,True
exponential,lambda_star_m,1.0394574653722626e-06,,,0.0,0.0,True
exponential,lambda_star_m,1.1450475699382812e-06,,,0.0,0.0,True
exponential,lambda_star_m,1.2613637220374423e-06,,,0.0,0.0,True
exponential,lambda_star_m,1.389495494373139e-06,,,0.0,0.0,True
exponential,lambda_star_m,1.5306431405563594e-06,,,0.0,0.0,True
exponential,lambda_star_m,1.6861288382868804e-06,,,0.0,0.0,True
exponential,lambda_star_m,1.8574090746385757e-06,,,0.0,0.0,True
exponential,lambda_star_m,2.046088289466015e-06,,,0.0,0.0,True
exponential,lambda_star_m,2.2539339047347933e-06,,,0.0,0.0,True
exponential,lambda_star_m,2.48289288056033e-06,,,0.0,0.0,True
exponential,lambda_star_m,2.7351099530412106e-06,,,0.0,0.0,True
exponential,lambda_star_m,3.012947724726992e-06,,,0.0,0.0,True
exponential,lambda_star_m,3.319008795914677e-06,,,0.0,0.0,True
exponential,lambda_star_m,3.656160144085194e-06,,,0.0,0.0,True
exponential,lambda_star_m,4.027559979850293e-06,,,0.0,0.0,True
exponential,lambda_star_m,4.436687330978616e-06,,,0.0,0.0,True
exponential,lambda_star_m,4.887374631624427e-06,,,0.0,0.0,True
exponential,lambda_star_m,5.383843622033489e-06,,,0.0,0.0,True
exponential,lambda_star_m,5.930744895010571e-06,,,0.0,0.0,True
exponential,lambda_star_m,6.5332014595937835e-06,,,0.0,0.0,True
exponential,lambda_star_m,7.196856730011529e-06,,,0.0,0.0,True
exponential,lambda_star_m,7.927927389450606e-06,,,0.0,0.0,True
exponential,lambda_star_m,8.733261623828437e-06,,,0.0,0.0,True
exponential,lambda_star_m,9.62040327106476e-06,,,0.0,0.0,True
exponential,lambda_star_m,1.0597662486760708e-05,,,0.0,0.0,True
exponential,lambda_star_m,1.1674193588234575e-05,,,0.0,0.0,True
exponential,lambda_star_m,1.2860080806105651e-05,,,0.0,0.0,True
exponential,lambda_star_m,1.4166432746690222e-05,,,2.7755575615628914e-17,3.6187191154666115e-16,True
exponential,lambda_star_m,1.560548645007075e-05,,,9.575673587391975e-16,1.2484580948359811e-14,True
exponential,lambda_star_m,1.7190722018585747e-05,,,1.827704654289164e-14,2.3829265375347637e-13,True
exponential,lambda_star_m,1.8936988889503642e-05,,,2.6662005936373134e-13,3.476141582317227e-12,True
exponential,lambda_star_m,2.086064493471961e-05,,,3.0379171400696237e-12,3.960778539856093e-11,True
exponential,lambda_star_m,2.297970969046965e-05,,,2.7657445778039857e-11,3.6059251340338795e-10,True
exponential,lambda_star_m,2.5314033152415697e-05,,,2.0539643597050627e-10,2.677919634556796e-09,True
exponential,lambda_star_m,2.7885481717262916e-05,,,1.267871210797189e-09,1.6530263504526583e-08,True
exponential,lambda_star_m,3.0718143012686965e-05,,,6.6170339624305186e-09,8.627162923638225e-08,True
exponential,lambda_star_m,3.383855153428233e-05,,,2.9653740046819976e-08,3.8661981808109486e-07,True
exponential,lambda_star_m,3.727593720314938e-05,,,1.1572455298203277e-07,1.5087946933772197e-06,True
exponential,lambda_star_m,4.1062499172443026e-05,,,3.983279754371516e-07,5.193324321214493e-06,True
exponential,lambda_star_m,4.5233707447721056e-05,,,1.2233589332666384e-06,1.5949920903085243e-05,True
exponential,lambda_star_m,4.982863514647306e-05,,,3.387892367381906e-06,4.41706957937667e-05,True
exponential,lambda_star_m,5.489032450921569e-05,,,8.541060772221387e-06,0.00011135672454004415,True
exponential,lambda_star_m,6.046619009070448e-05,,,1.977253152424252e-05,0.0002577905022717408,False
exponential,lambda_star_m,6.660846290809168e-05,,,4.2363893314370515e-05,0.0005523323769800588,False
exponential,lambda_star_m,7.337467970651388e-05,,,8.460821756869907e-05,0.0011031058353155028,False
exponential,lambda_star_m,8.082822192522722e-05,,,0.0001585354617606033,0.0020669551728892213,False
exponential,lambda_star_m,8.903890941296735e-05,,,0.00028034453646054447,0.0036550787022235263,False
exponential,lambda_star_m,9.808365445406671e-05,,,0.0004703580720963052,0.006132439010382075,False
exponential,lambda_star_m,0.00010804718223181286,,,0.0007523867165454556,0.009809474791987688,False
exponential,lambda_star_m,0.00011902282447787169,,,0.001152499390469422,0.015026067672352306,False
exponential,lambda_star_m,0.00013111339374215656,,,0.0016973139612122545,0.02212925633914282,False
exponential,lambda_star_m,0.00014443214647272818,,,0.0024120172397266576,0.03144742163920023,False
exponential,lambda_star_m,0.00015910384392721534,,,0.0033183714866430736,0.04326429578413394,False
exponential,lambda_star_m,0.00017526592085367583,,,0.00443295950353069,0.05779608218423324,False
exponential,lambda_star_m,0.00019306977288832537,,,0.0057658695001630705,0.07517430899821474,False
exponential,lambda_star_m,0.00021268217472962127,,,0.007319941600197319,0.09543600521769646,False
exponential,lambda_star_m,0.00023428684237322353,,,0.00909061036090214,0.11852164746938905,False
exponential,lambda_star_m,0.00025808615404180767,,,0.0110662995242551,0.14428030670476008,False
exponential,lambda_star_m,0.0002843030459302665,,,0.013229267752733045,0.1724806747422822,False
exponential,lambda_star_m,0.00031318310052438447,,,0.015556771823894783,0.20282622977698542,False
exponential,lambda_star_m,0.00034499684705497225,,,0.018022405405019655,0.23497269106935664,False
exponential,lambda_star_m,0.00038004229563658897,,,0.020597482138419644,0.2685460513483656,False
exponential,lambda_star_m,0.00041864772882899555,,,0.02325235479342195,0.30315977566391067,False
exponential,lambda_star_m,0.00046117477677082606,,,0.025957591235168387,0.3384301334441771,False
exponential,lambda_star_m,0.0005080218046913023,,,0.028684957599663115,0.3739890169447603,False
exponential,lambda_star_m,0.0005596276445319553,,,0.03140818551363134,0.4094939441151413,False
exponential,lambda_star_m,0.0006164757056337174,,,0.03410352091963933,0.44463521407613205,False
exponential,lambda_star_m,0.0006790985029955721,,,0.0367500652958499,0.4791403558780951,False
exponential,lambda_star_m,0.0007480826455225093,,,0.03932992439857039,0.5127760677779711,False
exponential,lambda_star_m,0.0008240743309893666,,,0.041828174508703506,0.5453477771669296,False
exponential,lambda_star_m,0.0009077853991937558,,,0.044232643436097,0.5766967853467666,False
exponential,lambda_star_m,0.001,,,0.04653348977025616,0.6066947818807843,False
log_sigmoid,lambda_c_m,1e-08,sharpness,2.0,3.0645680437757505e-11,3.9955254808028034e-10,True
log_sigmoid,lambda_c_m,1e-08,sharpness,4.0,0.0,0.0,True
log_sigmoid,lambda_c_m,1e-08,sharpness,8.0,0.0,0.0,True
log_sigmoid,lambda_c_m,1e-08,sharpness,16.0,0.0,0.0,True
log_sigmoid,lambda_c_m,1e-08,sharpness,32.0,0.0,0.0,True
log_sigmoid,lambda_c_m,1.1568875283162832e-08,sharpness,2.0,4.101584349935905e-11,5.347567600959459e-10,True
log_sigmoid,lambda_c_m,1.1568875283162832e-08,sharpness,4.0,0.0,0.0,True
log_sigmoid,lambda_c_m,1.1568875283162832e-08,sharpness,8.0,0.0,0.0,True
log_sigmoid,lambda_c_m,1.1568875283162832e-08,sharpness,16.0,0.0,0.0,True
log_sigmoid,lambda_c_m,1.1568875283162832e-08,sharpness,32.0,0.0,0.0,True
log_sigmoid,lambda_c_m,1.3383887531737563e-08,sharpness,2.0,5.4895157863832367e-11,7.157126188244115e-10,True
log_sigmoid,lambda_c_m,1.3383887531737563e-08,sharpness,4.0,0.0,0.0,True
log_sigmoid,lambda_c_m,1.3383887531737563e-08,sharpness,8.0,0.0,0.0,True
log_sigmoid,lambda_c_m,1.3383887531737563e-08,sharpness,16.0,0.0,0.0,True
log_sigmoid,lambda_c_m,1.3383887531737563e-08,sharpness,32.0,0.0,0.0,True
log_sigmoid,lambda_c_m,1.548365256585499e-08,sharpness,2.0,7.347104868937748e-11,9.579015474495108e-10,True
log_sigmoid,lambda_c_m,1.548365256585499e-08,sharpness,4.0,0.0,0.0,True
log_sigmoid,lambda_c_m,1.548365256585499e-08,sharpness,8.0,0.0,0.0,True
log_sigmoid,lambda_c_m,1.548365256585499e-08,sharpness,16.0,0.0,0.0,True
log_sigmoid,lambda_c_m,1.548365256585499e-08,sharpness,32.0,0.0,0.0,True
log_sigmoid,lambda_c_m,1.7912844546220022e-08,sharpness,2.0,9.833281411353312e-11,1.2820445125623614e-09,True
log_sigmoid,lambda_c_m,1.7912844546220022e-08,sharpness,4.0,0.0,0.0,True
log_sigmoid,lambda_c_m,1.7912844546220022e-08,sharpness,8.0,0.0,0.0,True
log_sigmoid,lambda_c_m,1.7912844546220022e-08,sharpness,16.0,0.0,0.0,True
log_sigmoid,lambda_c_m,1.7912844546220022e-08,sharpness,32.0,0.0,0.0,True
log_sigmoid,lambda_c_m,2.0723146452190296e-08,sharpness,2.0,1.3160754430696642e-10,1.7158741109122087e-09,True
log_sigmoid,lambda_c_m,2.0723146452190296e-08,sharpness,4.0,0.0,0.0,True
log_sigmoid,lambda_c_m,2.0723146452190296e-08,sharpness,8.0,0.0,0.0,True
log_sigmoid,lambda_c_m,2.0723146452190296e-08,sharpness,16.0,0.0,0.0,True
log_sigmoid,lambda_c_m,2.0723146452190296e-08,sharpness,32.0,0.0,0.0,True
log_sigmoid,lambda_c_m,2.3974349678010784e-08,sharpness,2.0,1.761420592716334e-10,2.2965066397866154e-09,True
log_sigmoid,lambda_c_m,2.3974349678010784e-08,sharpness,4.0,0.0,0.0,True
log_sigmoid,lambda_c_m,2.3974349678010784e-08,sharpness,8.0,0.0,0.0,True
log_sigmoid,lambda_c_m,2.3974349678010784e-08,sharpness,16.0,0.0,0.0,True
log_sigmoid,lambda_c_m,2.3974349678010784e-08,sharpness,32.0,0.0,0.0,True
log_sigmoid,lambda_c_m,2.7735626141984124e-08,sharpness,2.0,2.3574651952795733e-10,3.0736182467791045e-09,True
log_sigmoid,lambda_c_m,2.7735626141984124e-08,sharpness,4.0,0.0,0.0,True
log_sigmoid,lambda_c_m,2.7735626141984124e-08,sharpness,8.0,0.0,0.0,True
log_sigmoid,lambda_c_m,2.7735626141984124e-08,sharpness,16.0,0.0,0.0,True
log_sigmoid,lambda_c_m,2.7735626141984124e-08,sharpness,32.0,0.0,0.0,True
log_sigmoid,lambda_c_m,3.2086999973704505e-08,sharpness,2.0,3.1552051249494895e-10,4.113696381941968e-09,True
log_sigmoid,lambda_c_m,3.2086999973704505e-08,sharpness,4.0,0.0,0.0,True
log_sigmoid,lambda_c_m,3.2086999973704505e-08,sharpness,8.0,0.0,0.0,True
log_sigmoid,lambda_c_m,3.2086999973704505e-08,sharpness,16.0,0.0,0.0,True
log_sigmoid,lambda_c_m,3.2086999973704505e-08,sharpness,32.0,0.0,0.0,True
log_sigmoid,lambda_c_m,3.712105009066365e-08,sharpness,2.0,4.222891064609158e-10,5.505724986452618e-09,True
log_sigmoid,lambda_c_m,3.712105009066365e-08,sharpness,4.0,0.0,0.0,True
log_sigmoid,lambda_c_m,3.712105009066365e-08,sharpness,8.0,0.0,0.0,True
log_sigmoid,lambda_c_m,3.712105009066365e-08,sharpness,16.0,0.0,0.0,True
log_sigmoid,lambda_c_m,3.712105009066365e-08,sharpness,32.0,0.0,0.0,True
log_sigmoid,lambda_c_m,4.294487988789272e-08,sharpness,2.0,5.651869666722931e-10,7.3688000869920866e-09,True
log_sigmoid,lambda_c_m,4.294487988789272e-08,sharpness,4.0,0.0,0.0,True
log_sigmoid,lambda_c_m,4.294487988789272e-08,sharpness,8.0,0.0,0.0,True
log_sigmoid,lambda_c_m,4.294487988789272e-08,sharpness,16.0,0.0,0.0,True
log_sigmoid,lambda_c_m,4.294487988789272e-08,sharpness,32.0,0.0,0.0,True
log_sigmoid,lambda_c_m,4.9682395947343874e-08,sharpness,2.0,7.564398968318287e-10,9.86231938503036e-09,True
log_sigmoid,lambda_c_m,4.9682395947343874e-08,sharpness,4.0,0.0,0.0,True
log_sigmoid,lambda_c_m,4.9682395947343874e-08,sharpness,8.0,0.0,0.0,True
log_sigmoid,lambda_c_m,4.9682395947343874e-08,sharpness,16.0,0.0,0.0,True
log_sigmoid,lambda_c_m,4.9682395947343874e-08,sharpness,32.0,0.0,0.0,True
log_sigmoid,lambda_c_m,5.747694424835358e-08,sharpness,2.0,1.0124106414322043e-09,1.3199617228581541e-08,True
log_sigmoid,lambda_c_m,5.747694424835358e-08,sharpness,4.0,1.3877787807814457e-17,1.8093595577333058e-16,True
log_sigmoid,lambda_c_m,5.747694424835358e-08,sharpness,8.0,0.0,0.0,True
log_sigmoid,lambda_c_m,5.747694424835358e-08,sharpness,16.0,0.0,0.0,True
log_sigmoid,lambda_c_m,5.747694424835358e-08,sharpness,32.0,0.0,0.0,True
log_sigmoid,lambda_c_m,6.649435996665046e-08,sharpness,2.0,1.3549990157679659e-09,1.7666219240781822e-08,True
log_sigmoid,lambda_c_m,6.649435996665046e-08,sharpness,4.0,1.3877787807814457e-17,1.8093595577333058e-16,True
log_sigmoid,lambda_c_m,6.649435996665046e-08,sharpness,8.0,0.0,0.0,True
log_sigmoid,lambda_c_m,6.649435996665046e-08,sharpness,16.0,0.0,0.0,True
log_sigmoid,lambda_c_m,6.649435996665046e-08,sharpness,32.0,0.0,0.0,True
log_sigmoid,lambda_c_m,7.692649574879146e-08,sharpness,2.0,1.8135154211673665e-09,2.3644268854854842e-08,True
log_sigmoid,lambda_c_m,7.692649574879146e-08,sharpness,4.0,5.551115123125783e-17,7.237438230933223e-16,True
log_sigmoid,lambda_c_m,7.692649574879146e-08,sharpness,8.0,0.0,0.0,True
log_sigmoid,lambda_c_m,7.692649574879146e-08,sharpness,16.0,0.0,0.0,True
log_sigmoid,lambda_c_m,7.692649574879146e-08,sharpness,32.0,0.0,0.0,True
log_sigmoid,lambda_c_m,8.899530352885224e-08,sharpness,2.0,2.4271886028826017e-09,3.164522298412779e-08,True
log_sigmoid,lambda_c_m,8.899530352885224e-08,sharpness,4.0,8.326672684688674e-17,1.0856157346399835e-15,True
log_sigmoid,lambda_c_m,8.899530352885224e-08,sharpness,8.0,0.0,0.0,True
log_sigmoid,lambda_c_m,8.899530352885224e-08,sharpness,16.0,0.0,0.0,True
log_sigmoid,lambda_c_m,8.899530352885224e-08,sharpness,32.0,0.0,0.0,True
log_sigmoid,lambda_c_m,1.0295755673125128e-07,sharpness,2.0,3.2485219098044027e-09,4.235361029731946e-08,True
log_sigmoid,lambda_c_m,1.0295755673125128e-07,sharpness,4.0,1.3877787807814457e-16,1.809359557733306e-15,True
log_sigmoid,lambda_c_m,1.0295755673125128e-07,sharpness,8.0,0.0,0.0,True
log_sigmoid,lambda_c_m,1.0295755673125128e-07,sharpness,16.0,0.0,0.0,True
log_sigmoid,lambda_c_m,1.0295755673125128e-07,sharpness,32.0,0.0,0.0,True
log_sigmoid,lambda_c_m,1.191103133283008e-07,sharpness,2.0,4.3477851180417915e-09,5.668559475934539e-08,True
log_sigmoid,lambda_c_m,1.191103133283008e-07,sharpness,4.0,2.498001805406602e-16,3.2568472039199506e-15,True
log_sigmoid,lambda_c_m,1.191103133283008e-07,sharpness,8.0,0.0,0.0,True
log_sigmoid,lambda_c_m,1.191103133283008e-07,sharpness,16.0,0.0,0.0,True
log_sigmoid,lambda_c_m,1.191103133283008e-07,sharpness,32.0,0.0,0.0,True
log_sigmoid,lambda_c_m,1.3779723598335568e-07,sharpness,2.0,5.819026621667334e-09,7.586736142982181e-08,True
log_sigmoid,lambda_c_m,1.3779723598335568e-07,sharpness,4.0,4.440892098500626e-16,5.7899505847465785e-15,True
log_sigmoid,lambda_c_m,1.3779723598335568e-07,sharpness,8.0,0.0,0.0,True
log_sigmoid,lambda_c_m,1.3779723598335568e-07,sharpness,16.0,0.0,0.0,True
log_sigmoid,lambda_c_m,1.3779723598335568e-07,sharpness,32.0,0.0,0.0,True
log_sigmoid,lambda_c_m,1.5941590374559995e-07,sharpness,2.0,7.788119565921292e-09,1.0154002041618372e-07,True
log_sigmoid,lambda_c_m,1.5941590374559995e-07,sharpness,4.0,8.049116928532385e-16,1.0494285434853174e-14,True
log_sigmoid,lambda_c_m,1.5941590374559995e-07,sharpness,8.0,0.0,0.0,True
log_sigmoid,lambda_c_m,1.5941590374559995e-07,sharpness,16.0,0.0,0.0,True
log_sigmoid,lambda_c_m,1.5941590374559995e-07,sharpness,32.0,0.0,0.0,True
log_sigmoid,lambda_c_m,1.8442627085855327e-07,sharpness,2.0,1.0423531274228459e-08,1.359000166131481e-07,True
log_sigmoid,lambda_c_m,1.8442627085855327e-07,sharpness,4.0,1.429412144204889e-15,1.863640344465305e-14,True
log_sigmoid,lambda_c_m,1.8442627085855327e-07,sharpness,8.0,0.0,0.0,True
log_sigmoid,lambda_c_m,1.8442627085855327e-07,sharpness,16.0,0.0,0.0,True
log_sigmoid,lambda_c_m,1.8442627085855327e-07,sharpness,32.0,0.0,0.0,True
log_sigmoid,lambda_c_m,2.133604526501411e-07,sharpness,2.0,1.3950736371670658e-08,1.8188704526298118e-07,True
log_sigmoid,lambda_c_m,2.133604526501411e-07,sharpness,4.0,2.55351295663786e-15,3.3292215862292825e-14,True
log_sigmoid,lambda_c_m,2.133604526501411e-07,sharpness,8.0,0.0,0.0,True
log_sigmoid,lambda_c_m,2.133604526501411e-07,sharpness,16.0,0.0,0.0,True
log_sigmoid,lambda_c_m,2.133604526501411e-07,sharpness,32.0,0.0,0.0,True
log_sigmoid,lambda_c_m,2.468340467068651e-07,sharpness,2.0,1.867150749290669e-08,2.4343556053333366e-07,True
log_sigmoid,lambda_c_m,2.468340467068651e-07,sharpness,4.0,4.565792188770956e-15,5.952792944942576e-14,True
log_sigmoid,lambda_c_m,2.468340467068651e-07,sharpness,8.0,0.0,0.0,True
log_sigmoid,lambda_c_m,2.468340467068651e-07,sharpness,16.0,0.0,0.0,True
log_sigmoid,lambda_c_m,2.468340467068651e-07,sharpness,32.0,0.0,0.0,True
log_sigmoid,lambda_c_m,2.855592301990112e-07,sharpness,2.0,2.4989733574121153e-08,3.25811389493105e-07,True
log_sigmoid,lambda_c_m,2.855592301990112e-07,sharpness,4.0,8.174017018802715e-15,1.0657127795049171e-13,True
log_sigmoid,lambda_c_m,2.855592301990112e-07,sharpness,8.0,0.0,0.0,True
log_sigmoid,lambda_c_m,2.855592301990112e-07,sharpness,16.0,0.0,0.0,True
log_sigmoid,lambda_c_m,2.855592301990112e-07,sharpness,32.0,0.0,0.0,True
log_sigmoid,lambda_c_m,3.303599120128339e-07,sharpness,2.0,3.344597467036525e-08,4.36062251243354e-07,True
log_sigmoid,lambda_c_m,3.303599120128339e-07,sharpness,4.0,1.466882171285988e-14,1.9124930525241043e-13,True
log_sigmoid,lambda_c_m,3.303599120128339e-07,sharpness,8.0,0.0,0.0,True
log_sigmoid,lambda_c_m,3.303599120128339e-07,sharpness,16.0,0.0,0.0,True
log_sigmoid,lambda_c_m,3.303599120128339e-07,sharpness,32.0,0.0,0.0,True
log_sigmoid,lambda_c_m,3.821892620633115e-07,sharpness,2.0,4.4763709697304144e-08,5.836207261708493e-07,True
log_sigmoid,lambda_c_m,3.821892620633115e-07,sharpness,4.0,2.6256774532384952e-14,3.4233082832314145e-13,True
log_sigmoid,lambda_c_m,3.821892620633115e-07,sharpness,8.0,0.0,0.0,True
log_sigmoid,lambda_c_m,3.821892620633115e-07,sharpness,16.0,0.0,0.0,True
log_sigmoid,lambda_c_m,3.821892620633115e-07,sharpness,32.0,0.0,0.0,True
log_sigmoid,lambda_c_m,4.421499907374487e-07,sharpness,2.0,5.991123371018592e-08,7.81111260888995e-07,True
log_sigmoid,lambda_c_m,4.421499907374487e-07,sharpness,4.0,4.704570066849101e-14,6.133728900715907e-13,True
log_sigmoid,lambda_c_m,4.421499907374487e-07,sharpness,8.0,0.0,0.0,True
log_sigmoid,lambda_c_m,4.421499907374487e-07,sharpness,16.0,0.0,0.0,True
log_sigmoid,lambda_c_m,4.421499907374487e-07,sharpness,32.0,0.0,0.0,True
log_sigmoid,lambda_c_m,5.115178099293146e-07,sharpness,2.0,8.018450008140388e-08,1.0454302487797114e-06,True
log_sigmoid,lambda_c_m,5.115178099293146e-07,sharpness,4.0,8.425204978124157e-14,1.09846218749989e-12,True
log_sigmoid,lambda_c_m,5.115178099293146e-07,sharpness,8.0,0.0,0.0,True
log_sigmoid,lambda_c_m,5.115178099293146e-07,sharpness,16.0,0.0,0.0,True
log_sigmoid,lambda_c_m,5.115178099293146e-07,sharpness,32.0,0.0,0.0,True
log_sigmoid,lambda_c_m,5.917685748188831e-07,sharpness,2.0,1.0731799494900773e-07,1.3991915899479495e-06,True
log_sigmoid,lambda_c_m,5.917685748188831e-07,sharpness,4.0,1.509070646221744e-13,1.9674975830791967e-12,True
log_sigmoid,lambda_c_m,5.917685748188831e-07,sharpness,8.0,0.0,0.0,True
log_sigmoid,lambda_c_m,5.917685748188831e-07,sharpness,16.0,0.0,0.0,True
log_sigmoid,lambda_c_m,5.917685748188831e-07,sharpness,32.0,0.0,0.0,True
log_sigmoid,lambda_c_m,6.846096838574658e-07,sharpness,2.0,1.436331290849413e-07,1.8726613961530807e-06,True
log_sigmoid,lambda_c_m,6.846096838574658e-07,sharpness,4.0,2.703254287084178e-13,3.5244514825087066e-12,True
log_sigmoid,lambda_c_m,6.846096838574658e-07,sharpness,8.0,0.0,0.0,True
log_sigmoid,lambda_c_m,6.846096838574658e-07,sharpness,16.0,0.0,0.0,True
log_sigmoid,lambda_c_m,6.846096838574658e-07,sharpness,32.0,0.0,0.0,True
log_sigmoid,lambda_c_m,7.920164050192557e-07,sharpness,2.0,1.9223684211144842e-07,2.5063473547776847e-06,True
log_sigmoid,lambda_c_m,7.920164050192557e-07,sharpness,4.0,4.842376499780698e-13,6.3133983047988245e-12,True
log_sigmoid,lambda_c_m,7.920164050192557e-07,sharpness,8.0,0.0,0.0,True
log_sigmoid,lambda_c_m,7.920164050192557e-07,sharpness,16.0,0.0,0.0,True
log_sigmoid,lambda_c_m,7.920164050192557e-07,sharpness,32.0,0.0,0.0,True
log_sigmoid,lambda_c_m,9.162739011886731e-07,sharpness,2.0,2.572874081424592e-07,3.354464252183301e-06,True
log_sigmoid,lambda_c_m,9.162739011886731e-07,sharpness,4.0,8.67403371351827e-13,1.1309040043700481e-11,True
log_sigmoid,lambda_c_m,9.162739011886731e-07,sharpness,8.0,0.0,0.0,True
log_sigmoid,lambda_c_m,9.162739011886731e-07,sharpness,16.0,0.0,0.0,True
log_sigmoid,lambda_c_m,9.162739011886731e-07,sharpness,32.0,0.0,0.0,True
log_sigmoid,lambda_c_m,1.0600258488068825e-06,sharpness,2.0,3.4435018055056776e-07,4.489572106265551e-06,True
log_sigmoid,lambda_c_m,1.0600258488068825e-06,sharpness,4.0,1.5537432451750988e-12,2.025740867242632e-11,True
log_sigmoid,lambda_c_m,1.0600258488068825e-06,sharpness,8.0,0.0,0.0,True
log_sigmoid,lambda_c_m,1.0600258488068825e-06,sharpness,16.0,0.0,0.0,True
log_sigmoid,lambda_c_m,1.0600258488068825e-06,sharpness,32.0,0.0,0.0,True
log_sigmoid,lambda_c_m,1.2263306841775643e-06,sharpness,2.0,4.608737051298162e-07,6.00878363924141e-06,True
log_sigmoid,lambda_c_m,1.2263306841775643e-06,sharpness,4.0,2.783218100432805e-12,3.628706780225299e-11,True
log_sigmoid,lambda_c_m,1.2263306841775643e-06,sharpness,8.0,0.0,0.0,True
log_sigmoid,lambda_c_m,1.2263306841775643e-06,sharpness,16.0,0.0,0.0,True
log_sigmoid,lambda_c_m,1.2263306841775643e-06,sharpness,32.0,0.0,0.0,True
log_sigmoid,lambda_c_m,1.4187266741165963e-06,sharpness,2.0,6.168269230943935e-07,8.04207200905337e-06,True
log_sigmoid,lambda_c_m,1.4187266741165963e-06,sharpness,4.0,4.9855258810183045e-12,6.500033743179014e-11,True
log_sigmoid,lambda_c_m,1.4187266741165963e-06,sharpness,8.0,0.0,0.0,True
log_sigmoid,lambda_c_m,1.4187266741165963e-06,sharpness,16.0,0.0,0.0,True
log_sigmoid,lambda_c_m,1.4187266741165963e-06,sharpness,32.0,0.0,0.0,True
log_sigmoid,lambda_c_m,1.64130719537513e-06,sharpness,2.0,8.255519586414239e-07,1.0763389291283232e-05,True
log_sigmoid,lambda_c_m,1.64130719537513e-06,sharpness,4.0,8.930467476631065e-12,1.1643373502778442e-10,True
log_sigmoid,lambda_c_m,1.64130719537513e-06,sharpness,8.0,0.0,0.0,True
log_sigmoid,lambda_c_m,1.64130719537513e-06,sharpness,16.0,0.0,0.0,True
log_sigmoid,lambda_c_m,1.64130719537513e-06,sharpness,32.0,0.0,0.0,True
log_sigmoid,lambda_c_m,1.8988078244652614e-06,sharpness,2.0,1.1049054121498036e-06,1.4405546442631077e-05,True
log_sigmoid,lambda_c_m,1.8988078244652614e-06,sharpness,4.0,1.599702315058238e-11,2.0856614277160857e-10,True
log_sigmoid,lambda_c_m,1.8988078244652614e-06,sharpness,8.0,0.0,0.0,True
log_sigmoid,lambda_c_m,1.8988078244652614e-06,sharpness,16.0,0.0,0.0,True
log_sigmoid,lambda_c_m,1.8988078244652614e-06,sharpness,32.0,0.0,0.0,True
log_sigmoid,lambda_c_m,2.196707090793235e-06,sharpness,2.0,1.478785732200727e-06,1.9280126886580532e-05,True
log_sigmoid,lambda_c_m,2.196707090793235e-06,sharpness,4.0,2.8655203210270486e-11,3.736010848796673e-10,True
log_sigmoid,lambda_c_m,2.196707090793235e-06,sharpness,8.0,0.0,0.0,True
log_sigmoid,lambda_c_m,2.196707090793235e-06,sharpness,16.0,0.0,0.0,True
log_sigmoid,lambda_c_m,2.196707090793235e-06,sharpness,32.0,0.0,0.0,True
log_sigmoid,lambda_c_m,2.541343036702639e-06,sharpness,2.0,1.9791772151028786e-06,2.5804135790128794e-05,True
log_sigmoid,lambda_c_m,2.541343036702639e-06,sharpness,4.0,5.1329621109097445e-11,6.692258293233043e-10,True
log_sigmoid,lambda_c_m,2.541343036702639e-06,sharpness,8.0,0.0,0.0,True
log_sigmoid,lambda_c_m,2.541343036702639e-06,sharpness,16.0,0.0,0.0,True
log_sigmoid,lambda_c_m,2.541343036702639e-06,sharpness,32.0,0.0,0.0,True
log_sigmoid,lambda_c_m,2.9400480643347136e-06,sharpness,2.0,2.6488852796907603e-06,3.453566205594211e-05,True
log_sigmoid,lambda_c_m,2.9400480643347136e-06,sharpness,4.0,9.194592309746952e-11,1.198773443252536e-09,True
log_sigmoid,lambda_c_m,2.9400480643347136e-06,sharpness,8.0,0.0,0.0,True
log_sigmoid,lambda_c_m,2.9400480643347136e-06,sharpness,16.0,0.0,0.0,True
log_sigmoid,lambda_c_m,2.9400480643347136e-06,sharpness,32.0,0.0,0.0,True
log_sigmoid,lambda_c_m,3.401304938279253e-06,sharpness,2.0,3.545196628235159e-06,4.622159880358747e-05,True
log_sigmoid,lambda_c_m,3.401304938279253e-06,sharpness,4.0,1.6470133590296143e-10,2.1473446662706836e-09,True
log_sigmoid,lambda_c_m,3.401304938279253e-06,sharpness,8.0,0.0,0.0,True
log_sigmoid,lambda_c_m,3.401304938279253e-06,sharpness,16.0,0.0,0.0,True
log_sigmoid,lambda_c_m,3.401304938279253e-06,sharpness,32.0,0.0,0.0,True
log_sigmoid,lambda_c_m,3.934927263095845e-06,sharpness,2.0,4.74477671057183e-06,6.186149557460012e-05,True
log_sigmoid,lambda_c_m,3.934927263095845e-06,sharpness,4.0,2.950269334389688e-10,3.846504999204287e-09,True
log_sigmoid,lambda_c_m,3.934927263095845e-06,sharpness,8.0,0.0,0.0,True
log_sigmoid,lambda_c_m,3.934927263095845e-06,sharpness,16.0,0.0,0.0,True
log_sigmoid,lambda_c_m,3.934927263095845e-06,sharpness,32.0,0.0,0.0,True
log_sigmoid,lambda_c_m,4.55226827550731e-06,sharpness,2.0,6.350222188686305e-06,8.279298811846551e-05,True
log_sigmoid,lambda_c_m,4.55226827550731e-06,sharpness,4.0,5.284771648073061e-10,6.890184678061357e-09,True
log_sigmoid,lambda_c_m,4.55226827550731e-06,sharpness,8.0,0.0,0.0,True
log_sigmoid,lambda_c_m,4.55226827550731e-06,sharpness,16.0,0.0,0.0,True
log_sigmoid,lambda_c_m,4.55226827550731e-06,sharpness,32.0,0.0,0.0,True
log_sigmoid,lambda_c_m,5.266462393484281e-06,sharpness,2.0,8.498826658889791e-06,0.00011080608420977562,True
log_sigmoid,lambda_c_m,5.266462393484281e-06,sharpness,4.0,9.466529365953491e-10,1.2342280790030626e-08,True
log_sigmoid,lambda_c_m,5.266462393484281e-06,sharpness,8.0,1.3877787807814457e-17,1.8093595577333058e-16,True
log_sigmoid,lambda_c_m,5.266462393484281e-06,sharpness,16.0,0.0,0.0,True
log_sigmoid,lambda_c_m,5.266462393484281e-06,sharpness,32.0,0.0,0.0,True
log_sigmoid,lambda_c_m,6.092704661368686e-06,sharpness,2.0,1.1374305391761985e-05,0.00014829602857577555,False
log_sigmoid,lambda_c_m,6.092704661368686e-06,sharpness,4.0,1.6957246717907992e-09,2.210853548619034e-08,True
log_sigmoid,lambda_c_m,6.092704661368686e-06,sharpness,8.0,2.7755575615628914e-17,3.6187191154666115e-16,True
log_sigmoid,lambda_c_m,6.092704661368686e-06,sharpness,16.0,0.0,0.0,True
log_sigmoid,lambda_c_m,6.092704661368686e-06,sharpness,32.0,0.0,0.0,True
log_sigmoid,lambda_c_m,7.048574036451903e-06,sharpness,2.0,1.5222474692030974e-05,0.0001984677274058797,False
log_sigmoid,lambda_c_m,7.048574036451903e-06,sharpness,4.0,3.0375251758307797e-09,3.960267504342607e-08,True
log_sigmoid,lambda_c_m,7.048574036451903e-06,sharpness,8.0,1.249000902703301e-16,1.6284236019599753e-15,True
log_sigmoid,lambda_c_m,7.048574036451903e-06,sharpness,16.0,0.0,0.0,True
log_sigmoid,lambda_c_m,7.048574036451903e-06,sharpness,32.0,0.0,0.0,True
log_sigmoid,lambda_c_m,8.15440739518517e-06,sharpness,2.0,2.0372213881084122e-05,0.00026560904668949313,False
log_sigmoid,lambda_c_m,8.15440739518517e-06,sharpness,4.0,5.441071440626111e-09,7.093965372393886e-08,True
log_sigmoid,lambda_c_m,8.15440739518517e-06,sharpness,8.0,3.885780586188048e-16,5.0662067616532566e-15,True
log_sigmoid,lambda_c_m,8.15440739518517e-06,sharpness,16.0,0.0,0.0,True
log_sigmoid,lambda_c_m,8.15440739518517e-06,sharpness,32.0,0.0,0.0,True
log_sigmoid,lambda_c_m,9.433732216299773e-06,sharpness,2.0,2.7263479231709464e-05,0.00035545605256466056,False
log_sigmoid,lambda_c_m,9.433732216299773e-06,sharpness,4.0,9.746506143826217e-09,1.270730918360654e-07,True
log_sigmoid,lambda_c_m,9.433732216299773e-06,sharpness,8.0,1.2490009027033011e-15,1.6284236019599753e-14,True
log_sigmoid,lambda_c_m,9.433732216299773e-06,sharpness,16.0,0.0,0.0,True
log_sigmoid,lambda_c_m,9.433732216299773e-06,sharpness,32.0,0.0,0.0,True
log_sigmoid,lambda_c_m,1.0913767146512737e-05,sharpness,2.0,3.648472350206711e-05,0.00047568088007910174,False
log_sigmoid,lambda_c_m,1.0913767146512737e-05,sharpness,4.0,1.7458763199029725e-08,2.276240312780929e-07,True
log_sigmoid,lambda_c_m,1.0913767146512737e-05,sharpness,8.0,3.969047313034935e-15,5.1747683351172546e-14,True
log_sigmoid,lambda_c_m,1.0913767146512737e-05,sharpness,16.0,0.0,0.0,True
log_sigmoid,lambda_c_m,1.0913767146512737e-05,sharpness,32.0,0.0,0.0,True
log_sigmoid,lambda_c_m,1.2626001098748577e-05,sharpness,2.0,4.882284541124493e-05,0.0006365429649445232,False
log_sigmoid,lambda_c_m,1.2626001098748577e-05,sharpness,4.0,3.12736054969287e-08,4.0773931547495046e-07,True
log_sigmoid,lambda_c_m,1.2626001098748577e-05,sharpness,8.0,1.2753686995381486e-14,1.662801433556908e-13,True
log_sigmoid,lambda_c_m,1.2626001098748577e-05,sharpness,16.0,0.0,0.0,True
log_sigmoid,lambda_c_m,1.2626001098748577e-05,sharpness,32.0,0.0,0.0,True
log_sigmoid,lambda_c_m,1.4606863203649888e-05,sharpness,2.0,6.532980463416771e-05,0.000851757557159944,False
log_sigmoid,lambda_c_m,1.4606863203649888e-05,sharpness,4.0,5.601990531178824e-08,7.303768619529105e-07,True
log_sigmoid,lambda_c_m,1.4606863203649888e-05,sharpness,8.0,4.091171845743702e-14,5.333991976197786e-13,True
log_sigmoid,lambda_c_m,1.4606863203649888e-05,sharpness,16.0,0.0,0.0,True
log_sigmoid,lambda_c_m,1.4606863203649888e-05,sharpness,32.0,0.0,0.0,True
log_sigmoid,lambda_c_m,1.6898497868124585e-05,sharpness,2.0,8.74113552033623e-05,0.0011396526102133283,False
log_sigmoid,lambda_c_m,1.6898497868124585e-05,sharpness,4.0,1.003475275096477e-07,1.3083119623161369e-06,True
log_sigmoid,lambda_c_m,1.6898497868124585e-05,sharpness,8.0,1.3128387266192476e-13,1.7116541416157073e-12,True
log_sigmoid,lambda_c_m,1.6898497868124585e-05,sharpness,16.0,0.0,0.0,True
log_sigmoid,lambda_c_m,1.6898497868124585e-05,sharpness,32.0,0.0,0.0,True
log_sigmoid,lambda_c_m,1.9549661430912596e-05,sharpness,2.0,0.00011694504899303904,0.0015247072880448375,False
log_sigmoid,lambda_c_m,1.9549661430912596e-05,sharpness,4.0,1.7975078002441247e-07,2.3435564540340606e-06,True
log_sigmoid,lambda_c_m,1.9549661430912596e-05,sharpness,8.0,4.2126024890620783e-13,5.49231093749945e-12,True
log_sigmoid,lambda_c_m,1.9549661430912596e-05,sharpness,16.0,0.0,0.0,True
log_sigmoid,lambda_c_m,1.9549661430912596e-05,sharpness,32.0,0.0,0.0,True
log_sigmoid,lambda_c_m,2.2616759492228645e-05,sharpness,2.0,0.00015643682040573925,0.002039593486385127,False
log_sigmoid,lambda_c_m,2.2616759492228645e-05,sharpness,4.0,3.2198418083162483e-07,4.197968459343218e-06,True
log_sigmoid,lambda_c_m,2.2616759492228645e-05,sharpness,8.0,1.351696532481128e-12,1.76231620923224e-11,True
log_sigmoid,lambda_c_m,2.2616759492228645e-05,sharpness,16.0,0.0,0.0,True
log_sigmoid,lambda_c_m,2.2616759492228645e-05,sharpness,32.0,0.0,0.0,True
log_sigmoid,lambda_c_m,2.6165046987488235e-05,sharpness,2.0,0.00020922815130573758,0.0027278768097227842,False
log_sigmoid,lambda_c_m,2.6165046987488235e-05,sharpness,4.0,5.76763341850195e-07,7.519730662975162e-06,True
log_sigmoid,lambda_c_m,2.6165046987488235e-05,sharpness,8.0,4.337225023576252e-12,5.654791425783901e-11,True
log_sigmoid,lambda_c_m,2.6165046987488235e-05,sharpness,16.0,0.0,0.0,True
log_sigmoid,lambda_c_m,2.6165046987488235e-05,sharpness,32.0,0.0,0.0,True
log_sigmoid,lambda_c_m,3.027001653763468e-05,sharpness,2.0,0.0002797690559056959,0.003647575696293297,False
log_sigmoid,lambda_c_m,3.027001653763468e-05,sharpness,4.0,1.0331410607716807e-06,1.346989648985242e-05,True
log_sigmoid,lambda_c_m,3.027001653763468e-05,sharpness,8.0,1.3916853780493454e-11,1.814452904888325e-10,True
log_sigmoid,lambda_c_m,3.027001653763468e-05,sharpness,16.0,0.0,0.0,True
log_sigmoid,lambda_c_m,3.027001653763468e-05,sharpness,32.0,0.0,0.0,True
log_sigmoid,lambda_c_m,3.501900461431713e-05,sharpness,2.0,0.00037397583635956355,0.0048758257673997855,False
log_sigmoid,lambda_c_m,3.501900461431713e-05,sharpness,4.0,1.8506297963516438e-06,2.412815901371113e-05,True
log_sigmoid,lambda_c_m,3.501900461431713e-05,sharpness,8.0,4.465500191841443e-11,5.822034148424306e-10,True
log_sigmoid,lambda_c_m,3.501900461431713e-05,sharpness,16.0,0.0,0.0,True
log_sigmoid,lambda_c_m,3.501900461431713e-05,sharpness,32.0,0.0,0.0,True
log_sigmoid,lambda_c_m,4.051304969235378e-05,sharpness,2.0,0.0004996964355263728,0.006514947008166528,False
log_sigmoid,lambda_c_m,4.051304969235378e-05,sharpness,4.0,3.314941095025614e-06,4.321957099120748e-05,True
log_sigmoid,lambda_c_m,4.051304969235378e-05,sharpness,8.0,1.432845092574908e-10,1.86811615720327e-09,True
log_sigmoid,lambda_c_m,4.051304969235378e-05,sharpness,16.0,0.0,0.0,True
log_sigmoid,lambda_c_m,4.051304969235378e-05,sharpness,32.0,0.0,0.0,True
log_sigmoid,lambda_c_m,4.686904192314192e-05,sharpness,2.0,0.0006673095180724231,0.008700254472912948,False
log_sigmoid,lambda_c_m,4.686904192314192e-05,sharpness,4.0,5.937799382321751e-06,7.741589807459909e-05,True
log_sigmoid,lambda_c_m,4.686904192314192e-05,sharpness,8.0,4.597569963626924e-10,5.994224202903421e-09,True
log_sigmoid,lambda_c_m,4.686904192314192e-05,sharpness,16.0,0.0,0.0,True
log_sigmoid,lambda_c_m,4.686904192314192e-05,sharpness,32.0,0.0,0.0,True
log_sigmoid,lambda_c_m,5.422221006501592e-05,sharpness,2.0,0.0008904846300530345,0.011609969101082586,False
log_sigmoid,lambda_c_m,5.422221006501592e-05,sharpness,4.0,1.063563620229413e-05,0.0001386654002906666,False
log_sigmoid,lambda_c_m,5.422221006501592e-05,sharpness,8.0,1.475222249913699e-09,1.923366688283832e-08,True
log_sigmoid,lambda_c_m,5.422221006501592e-05,sharpness,16.0,2.7755575615628914e-17,3.6187191154666115e-16,True
log_sigmoid,lambda_c_m,5.422221006501592e-05,sharpness,32.0,0.0,0.0,True
log_sigmoid,lambda_c_m,6.272899858196256e-05,sharpness,2.0,0.0011871270682817375,0.015477536744220827,False
log_sigmoid,lambda_c_m,6.272899858196256e-05,sharpness,4.0,1.904935960039822e-05,0.00024836192438589596,False
log_sigmoid,lambda_c_m,6.272899858196256e-05,sharpness,8.0,4.733545458379673e-09,6.171506464641034e-08,True
log_sigmoid,lambda_c_m,6.272899858196256e-05,sharpness,16.0,2.914335439641036e-16,3.799655071239943e-15,True
log_sigmoid,lambda_c_m,6.272899858196256e-05,sharpness,32.0,0.0,0.0,True
log_sigmoid,lambda_c_m,7.257039612324216e-05,sharpness,2.0,0.0015805174187668303,0.020606485251197265,False
log_sigmoid,lambda_c_m,7.257039612324216e-05,sharpness,4.0,3.411611697136385e-05,0.0004447994390008325,False
log_sigmoid,lambda_c_m,7.257039612324216e-05,sharpness,8.0,1.5188525229192784e-08,1.9802510077174423e-07,True
log_sigmoid,lambda_c_m,7.257039612324216e-05,sharpness,16.0,3.011479954295737e-15,3.9263102402812735e-14,True
log_sigmoid,lambda_c_m,7.257039612324216e-05,sharpness,32.0,0.0,0.0,True
log_sigmoid,lambda_c_m,8.39557861999512e-05,sharpness,2.0,0.0021006238486613593,0.02738753388085214,False
log_sigmoid,lambda_c_m,8.39557861999512e-05,sharpness,4.0,6.109016824230873e-05,0.0007964819849062416,False
log_sigmoid,lambda_c_m,8.39557861999512e-05,sharpness,8.0,4.8735399549304503e-08,6.354028624420404e-07,True
log_sigmoid,lambda_c_m,8.39557861999512e-05,sharpness,16.0,3.096134459923405e-14,4.0366811733030054e-13,True
log_sigmoid,lambda_c_m,8.39557861999512e-05,sharpness,32.0,0.0,0.0,True
log_sigmoid,lambda_c_m,9.712740198471168e-05,sharpness,2.0,0.0027855026461533483,0.036316853274489545,False
log_sigmoid,lambda_c_m,9.712740198471168e-05,sharpness,4.0,0.00010936094378197203,0.0014258271679526992,False
log_sigmoid,lambda_c_m,9.712740198471168e-05,sharpness,8.0,1.5637705695625836e-07,2.0388143019068885e-06,True
log_sigmoid,lambda_c_m,9.712740198471168e-05,sharpness,16.0,3.188144193089215e-13,4.156641711980723e-12,True
log_sigmoid,lambda_c_m,9.712740198471168e-05,sharpness,32.0,0.0,0.0,True
log_sigmoid,lambda_c_m,0.00011236548001387516,sharpness,2.0,0.0036825923749685685,0.04801293839593961,False
log_sigmoid,lambda_c_m,0.00011236548001387516,sharpness,4.0,0.00019567578752703596,0.0025511836704959056,False
log_sigmoid,lambda_c_m,0.00011236548001387516,sharpness,8.0,5.017648027211274e-07,6.541913985933864e-06,True
log_sigmoid,lambda_c_m,0.00011236548001387516,sharpness,16.0,3.282540905757969e-12,4.279714349097743e-11,True
log_sigmoid,lambda_c_m,0.00011236548001387516,sharpness,32.0,0.0,0.0,True
log_sigmoid,lambda_c_m,0.00012999422244132475,sharpness,2.0,0.004849531401401708,0.06322726729337298,False
log_sigmoid,lambda_c_m,0.00012999422244132475,sharpness,4.0,0.0003498048322792269,0.004560688817199829,False
log_sigmoid,lambda_c_m,0.00012999422244132475,sharpness,8.0,1.6099894581678154e-06,2.099073609084505e-05,True
log_sigmoid,lambda_c_m,0.00012999422244132475,sharpness,16.0,3.379628521482658e-11,4.4062953343972075e-10,True
log_sigmoid,lambda_c_m,0.00012999422244132475,sharpness,32.0,0.0,0.0,True
log_sigmoid,lambda_c_m,0.00015038869469554103,sharpness,2.0,0.006353879173698493,0.08284066719293993,False
log_sigmoid,lambda_c_m,0.00015038869469554103,sharpness,4.0,0.0006243467858374208,0.008140114548075889,False
log_sigmoid,lambda_c_m,0.00015038869469554103,sharpness,8.0,5.1657336752192196e-06,6.734985234966388e-05,True
log_sigmoid,lambda_c_m,0.00015038869469554103,sharpness,16.0,3.4795827330569296e-10,4.536613732799125e-09,True
log_sigmoid,lambda_c_m,0.00015038869469554103,sharpness,32.0,0.0,0.0,True
log_sigmoid,lambda_c_m,0.0001739828052930366,sharpness,2.0,0.008270824522076434,0.10783343575067057,False
log_sigmoid,lambda_c_m,0.0001739828052930366,sharpness,4.0,0.0011112250384454903,0.014487940527320602,False
log_sigmoid,lambda_c_m,0.0001739828052930366,sharpness,8.0,1.6572824329375013e-05,0.00021607332893578896,False
log_sigmoid,lambda_c_m,0.0001739828052930366,sharpness,16.0,3.582493163234446e-09,4.670786392743736e-08,True
log_sigmoid,lambda_c_m,0.0001739828052930366,sharpness,32.0,1.6653345369377348e-16,2.171231469279967e-15,True
log_sigmoid,lambda_c_m,0.00020127853758499385,sharpness,2.0,0.010677722584011284,0.13921411452426707,False
log_sigmoid,lambda_c_m,0.00020127853758499385,sharpness,4.0,0.0019679590055101392,0.025657874908867524,False
log_sigmoid,lambda_c_m,0.00020127853758499385,sharpness,8.0,5.3151855129052183e-05,0.000692983769609546,False
log_sigmoid,lambda_c_m,0.00020127853758499385,sharpness,16.0,3.6884458168295886e-08,4.808925445670911e-07,True
log_sigmoid,lambda_c_m,0.00020127853758499385,sharpness,32.0,1.7735812818386876e-14,2.312361514783165e-13,True
log_sigmoid,lambda_c_m,0.00023285662984981966,sharpness,2.0,0.013644346092066967,0.17789238711951716,False
log_sigmoid,lambda_c_m,0.00023285662984981966,sharpness,4.0,0.0034550271624245454,0.045045986472288725,False
log_sigmoid,lambda_c_m,0.00023285662984981966,sharpness,8.0,0.00017028771618388117,0.002220178828994539,False
log_sigmoid,lambda_c_m,0.00023285662984981966,sharpness,16.0,3.797516718445637e-07,4.951130011011261e-06,True
log_sigmoid,lambda_c_m,0.00023285662984981966,sharpness,32.0,1.880218203353934e-12,2.451392703199392e-11,True
log_sigmoid,lambda_c_m,0.0002693889309590175,sharpness,2.0,0.0172184304553012,0.22449061871318382,False
log_sigmoid,lambda_c_m,0.0002693889309590175,sharpness,4.0,0.005975926553880628,0.07791299287979958,False
log_sigmoid,lambda_c_m,0.0002693889309590175,sharpness,8.0,0.0005437358719963536,0.00708912479786641,False
log_sigmoid,lambda_c_m,0.0002693889309590175,sharpness,16.0,3.909650490074856e-06,5.097327887972433e-05,True
log_sigmoid,lambda_c_m,0.0002693889309590175,sharpness,32.0,1.9930801453682534e-10,2.598539954847788e-09,True
log_sigmoid,lambda_c_m,0.000311652694492943,sharpness,2.0,0.021407786929385685,0.2791106509698264,False
log_sigmoid,lambda_c_m,0.000311652694492943,sharpness,4.0,0.010082948372110032,0.13145956156597172,False
log_sigmoid,lambda_c_m,0.000311652694492943,sharpness,8.0,0.001717788586929031,0.022396200611851772,False
log_sigmoid,lambda_c_m,0.000311652694492943,sharpness,16.0,4.0233742052073196e-05,0.0005245598703008239,False
log_sigmoid,lambda_c_m,0.000311652694492943,sharpness,32.0,2.112715981328339e-08,2.7545188804802334e-07,True
log_sigmoid,lambda_c_m,0.0003605471154250506,sharpness,2.0,0.026162890807492033,0.34110679018894435,False
log_sigmoid,lambda_c_m,0.0003605471154250506,sharpness,4.0,0.016359641767664655,0.21329389527594073,False
log_sigmoid,lambda_c_m,0.0003605471154250506,sharpness,8.0,0.005252066927476595,0.0684754488588865,False
log_sigmoid,lambda_c_m,0.0003605471154250506,sharpness,16.0,0.00041222668629964376,0.0053745330677919655,False
log_sigmoid,lambda_c_m,0.0003605471154250506,sharpness,32.0,2.2394687781285283e-06,2.919776764183218e-05,True
log_sigmoid,lambda_c_m,0.00041711246120565247,sharpness,2.0,0.03136640209207134,0.40894917981840073,False
log_sigmoid,lambda_c_m,0.00041711246120565247,sharpness,4.0,0.025072978456514322,0.32689672042391554,False
log_sigmoid,lambda_c_m,0.00041711246120565247,sharpness,8.0,0.014638374191137532,0.19085233625994175,False
log_sigmoid,lambda_c_m,0.00041711246120565247,sharpness,16.0,0.004042233841706586,0.0527018753807899,False
log_sigmoid,lambda_c_m,0.00041711246120565247,sharpness,32.0,0.00023666390531884574,0.0030855789480944682,False
log_sigmoid,lambda_c_m,0.0004825522042741279,sharpness,2.0,0.03683649416712038,0.4802671990498093,False
log_sigmoid,lambda_c_m,0.0004825522042741279,sharpness,4.0,0.03568266810793663,0.46522383452329374,False
log_sigmoid,lambda_c_m,0.0004825522042741279,sharpness,8.0,0.033041840617449976,0.4307932283891783,False
log_sigmoid,lambda_c_m,0.0004825522042741279,sharpness,16.0,0.027933248581172285,0.3641883778510076,False
log_sigmoid,lambda_c_m,0.0004825522042741279,sharpness,32.0,0.01894796362890179,0.24703994301045357,False
log_sigmoid,lambda_c_m,0.0005582586268862701,sharpness,2.0,0.04234727903130959,0.5521157631200728,False
log_sigmoid,lambda_c_m,0.0005582586268862701,sharpness,4.0,0.04671894838824063,0.6091127560396431,False
log_sigmoid,lambda_c_m,0.0005582586268862701,sharpness,8.0,0.05432832900804877,0.7083224120997232,False
log_sigmoid,lambda_c_m,0.0005582586268862701,sharpness,16.0,0.06557976405769424,0.8550164805436015,False
log_sigmoid,lambda_c_m,0.0005582586268862701,sharpness,32.0,0.07455625852762278,0.9720503067486672,False
log_sigmoid,lambda_c_m,0.0006458424430196991,sharpness,2.0,0.047662554852675856,0.6214153175055522,False
log_sigmoid,lambda_c_m,0.0006458424430196991,sharpness,4.0,0.056468888703087854,0.736230621943779,False
log_sigmoid,lambda_c_m,0.0006458424430196991,sharpness,8.0,0.06797630421590121,0.8862621149400418,False
log_sigmoid,lambda_c_m,0.0006458424430196991,sharpness,16.0,0.07545724119985156,0.9837971473253136,False
log_sigmoid,lambda_c_m,0.0006458424430196991,sharpness,32.0,0.07667920066616687,0.9997288222446788,False
log_sigmoid,lambda_c_m,0.0007471670675868082,sharpness,2.0,0.05257243780086096,0.6854294367778482,False
log_sigmoid,lambda_c_m,0.0007471670675868082,sharpness,4.0,0.06391483564990452,0.8333094608853262,False
log_sigmoid,lambda_c_m,0.0007471670675868082,sharpness,8.0,0.07375030128819177,0.9615423896765549,False
log_sigmoid,lambda_c_m,0.0007471670675868082,sharpness,16.0,0.07657750202996251,0.9984028947843873,False
log_sigmoid,lambda_c_m,0.0007471670675868082,sharpness,32.0,0.07669980373193291,0.9999974410943013,False
log_sigmoid,lambda_c_m,0.0008643882620598279,sharpness,2.0,0.05692085087871632,0.7421232187577095,False
log_sigmoid,lambda_c_m,0.0008643882620598279,sharpness,4.0,0.068992504253327,0.8995111375922684,False
log_sigmoid,lambda_c_m,0.0008643882620598279,sharpness,8.0,0.07575572110589777,0.9876886715240909,False
log_sigmoid,lambda_c_m,0.0008643882620598279,sharpness,16.0,0.07668808490906884,0.999844653312501,False
log_sigmoid,lambda_c_m,0.0008643882620598279,sharpness,32.0,0.07669999814845492,0.9999999758599076,False
log_sigmoid,lambda_c_m,0.001,sharpness,2.0,0.0606165311983724,0.7903067952851682,False
log_sigmoid,lambda_c_m,0.001,sharpness,4.0,0.07219228518424634,0.9412292722848283,False
log_sigmoid,lambda_c_m,0.001,sharpness,8.0,0.0764031970010826,0.9961303389971655,False
log_sigmoid,lambda_c_m,0.001,sharpness,16.0,0.07669884255583233,0.9999849094632637,False
log_sigmoid,lambda_c_m,0.001,sharpness,32.0,0.07669999998253302,0.9999999997722687,False
power_saturation,lambda_c_m,1e-08,power_n,2.0,3.064569431554531e-11,3.9955272901623616e-10,True
power_saturation,lambda_c_m,1e-08,power_n,4.0,0.0,0.0,True
power_saturation,lambda_c_m,1e-08,power_n,8.0,0.0,0.0,True
power_saturation,lambda_c_m,1e-08,power_n,16.0,0.0,0.0,True
power_saturation,lambda_c_m,1e-08,power_n,32.0,0.0,0.0,True
power_saturation,lambda_c_m,1.1568875283162832e-08,power_n,2.0,4.101585737714686e-11,5.347569410319017e-10,True
power_saturation,lambda_c_m,1.1568875283162832e-08,power_n,4.0,0.0,0.0,True
power_saturation,lambda_c_m,1.1568875283162832e-08,power_n,8.0,0.0,0.0,True
power_saturation,lambda_c_m,1.1568875283162832e-08,power_n,16.0,0.0,0.0,True
power_saturation,lambda_c_m,1.1568875283162832e-08,power_n,32.0,0.0,0.0,True
power_saturation,lambda_c_m,1.3383887531737563e-08,power_n,2.0,5.4895157863832367e-11,7.157126188244115e-10,True
power_saturation,lambda_c_m,1.3383887531737563e-08,power_n,4.0,0.0,0.0,True
power_saturation,lambda_c_m,1.3383887531737563e-08,power_n,8.0,0.0,0.0,True
power_saturation,lambda_c_m,1.3383887531737563e-08,power_n,16.0,0.0,0.0,True
power_saturation,lambda_c_m,1.3383887531737563e-08,power_n,32.0,0.0,0.0,True
power_saturation,lambda_c_m,1.548365256585499e-08,power_n,2.0,7.347104868937748e-11,9.579015474495108e-10,True
power_saturation,lambda_c_m,1.548365256585499e-08,power_n,4.0,0.0,0.0,True
power_saturation,lambda_c_m,1.548365256585499e-08,power_n,8.0,0.0,0.0,True
power_saturation,lambda_c_m,1.548365256585499e-08,power_n,16.0,0.0,0.0,True
power_saturation,lambda_c_m,1.548365256585499e-08,power_n,32.0,0.0,0.0,True
power_saturation,lambda_c_m,1.7912844546220022e-08,power_n,2.0,9.833282799132093e-11,1.282044693498317e-09,True
power_saturation,lambda_c_m,1.7912844546220022e-08,power_n,4.0,0.0,0.0,True
power_saturation,lambda_c_m,1.7912844546220022e-08,power_n,8.0,0.0,0.0,True
power_saturation,lambda_c_m,1.7912844546220022e-08,power_n,16.0,0.0,0.0,True
power_saturation,lambda_c_m,1.7912844546220022e-08,power_n,32.0,0.0,0.0,True
power_saturation,lambda_c_m,2.0723146452190296e-08,power_n,2.0,1.316075304291786e-10,1.715873929976253e-09,True
power_saturation,lambda_c_m,2.0723146452190296e-08,power_n,4.0,0.0,0.0,True
power_saturation,lambda_c_m,2.0723146452190296e-08,power_n,8.0,0.0,0.0,True
power_saturation,lambda_c_m,2.0723146452190296e-08,power_n,16.0,0.0,0.0,True
power_saturation,lambda_c_m,2.0723146452190296e-08,power_n,32.0,0.0,0.0,True
power_saturation,lambda_c_m,2.3974349678010784e-08,power_n,2.0,1.761420592716334e-10,2.2965066397866154e-09,True
power_saturation,lambda_c_m,2.3974349678010784e-08,power_n,4.0,0.0,0.0,True
power_saturation,lambda_c_m,2.3974349678010784e-08,power_n,8.0,0.0,0.0,True
power_saturation,lambda_c_m,2.3974349678010784e-08,power_n,16.0,0.0,0.0,True
power_saturation,lambda_c_m,2.3974349678010784e-08,power_n,32.0,0.0,0.0,True
power_saturation,lambda_c_m,2.7735626141984124e-08,power_n,2.0,2.3574651952795733e-10,3.0736182467791045e-09,True
power_saturation,lambda_c_m,2.7735626141984124e-08,power_n,4.0,0.0,0.0,True
power_saturation,lambda_c_m,2.7735626141984124e-08,power_n,8.0,0.0,0.0,True
power_saturation,lambda_c_m,2.7735626141984124e-08,power_n,16.0,0.0,0.0,True
power_saturation,lambda_c_m,2.7735626141984124e-08,power_n,32.0,0.0,0.0,True
power_saturation,lambda_c_m,3.2086999973704505e-08,power_n,2.0,3.1552051249494895e-10,4.113696381941968e-09,True
power_saturation,lambda_c_m,3.2086999973704505e-08,power_n,4.0,0.0,0.0,True
power_saturation,lambda_c_m,3.2086999973704505e-08,power_n,8.0,0.0,0.0,True
power_saturation,lambda_c_m,3.2086999973704505e-08,power_n,16.0,0.0,0.0,True
power_saturation,lambda_c_m,3.2086999973704505e-08,power_n,32.0,0.0,0.0,True
power_saturation,lambda_c_m,3.712105009066365e-08,power_n,2.0,4.222891064609158e-10,5.505724986452618e-09,True
power_saturation,lambda_c_m,3.712105009066365e-08,power_n,4.0,0.0,0.0,True
power_saturation,lambda_c_m,3.712105009066365e-08,power_n,8.0,0.0,0.0,True
power_saturation,lambda_c_m,3.712105009066365e-08,power_n,16.0,0.0,0.0,True
power_saturation,lambda_c_m,3.712105009066365e-08,power_n,32.0,0.0,0.0,True
power_saturation,lambda_c_m,4.294487988789272e-08,power_n,2.0,5.651869666722931e-10,7.3688000869920866e-09,True
power_saturation,lambda_c_m,4.294487988789272e-08,power_n,4.0,0.0,0.0,True
power_saturation,lambda_c_m,4.294487988789272e-08,power_n,8.0,0.0,0.0,True
power_saturation,lambda_c_m,4.294487988789272e-08,power_n,16.0,0.0,0.0,True
power_saturation,lambda_c_m,4.294487988789272e-08,power_n,32.0,0.0,0.0,True
power_saturation,lambda_c_m,4.9682395947343874e-08,power_n,2.0,7.564398968318287e-10,9.86231938503036e-09,True
power_saturation,lambda_c_m,4.9682395947343874e-08,power_n,4.0,0.0,0.0,True
power_saturation,lambda_c_m,4.9682395947343874e-08,power_n,8.0,0.0,0.0,True
power_saturation,lambda_c_m,4.9682395947343874e-08,power_n,16.0,0.0,0.0,True
power_saturation,lambda_c_m,4.9682395947343874e-08,power_n,32.0,0.0,0.0,True
power_saturation,lambda_c_m,5.747694424835358e-08,power_n,2.0,1.0124106414322043e-09,1.3199617228581541e-08,True
power_saturation,lambda_c_m,5.747694424835358e-08,power_n,4.0,1.3877787807814457e-17,1.8093595577333058e-16,True
power_saturation,lambda_c_m,5.747694424835358e-08,power_n,8.0,0.0,0.0,True
power_saturation,lambda_c_m,5.747694424835358e-08,power_n,16.0,0.0,0.0,True
power_saturation,lambda_c_m,5.747694424835358e-08,power_n,32.0,0.0,0.0,True
power_saturation,lambda_c_m,6.649435996665046e-08,power_n,2.0,1.354999001890178e-09,1.7666219059845867e-08,True
power_saturation,lambda_c_m,6.649435996665046e-08,power_n,4.0,2.7755575615628914e-17,3.6187191154666115e-16,True
power_saturation,lambda_c_m,6.649435996665046e-08,power_n,8.0,0.0,0.0,True
power_saturation,lambda_c_m,6.649435996665046e-08,power_n,16.0,0.0,0.0,True
power_saturation,lambda_c_m,6.649435996665046e-08,power_n,32.0,0.0,0.0,True
power_saturation,lambda_c_m,7.692649574879146e-08,power_n,2.0,1.8135154072895787e-09,2.3644268673918887e-08,True
power_saturation,lambda_c_m,7.692649574879146e-08,power_n,4.0,4.163336342344337e-17,5.428078673199917e-16,True
power_saturation,lambda_c_m,7.692649574879146e-08,power_n,8.0,0.0,0.0,True
power_saturation,lambda_c_m,7.692649574879146e-08,power_n,16.0,0.0,0.0,True
power_saturation,lambda_c_m,7.692649574879146e-08,power_n,32.0,0.0,0.0,True
power_saturation,lambda_c_m,8.899530352885224e-08,power_n,2.0,2.4271886306381774e-09,3.16452233459997e-08,True
power_saturation,lambda_c_m,8.899530352885224e-08,power_n,4.0,8.326672684688674e-17,1.0856157346399835e-15,True
power_saturation,lambda_c_m,8.899530352885224e-08,power_n,8.0,0.0,0.0,True
power_saturation,lambda_c_m,8.899530352885224e-08,power_n,16.0,0.0,0.0,True
power_saturation,lambda_c_m,8.899530352885224e-08,power_n,32.0,0.0,0.0,True
power_saturation,lambda_c_m,1.0295755673125128e-07,power_n,2.0,3.2485219236821905e-09,4.2353610478255413e-08,True
power_saturation,lambda_c_m,1.0295755673125128e-07,power_n,4.0,1.3877787807814457e-16,1.809359557733306e-15,True
power_saturation,lambda_c_m,1.0295755673125128e-07,power_n,8.0,0.0,0.0,True
power_saturation,lambda_c_m,1.0295755673125128e-07,power_n,16.0,0.0,0.0,True
power_saturation,lambda_c_m,1.0295755673125128e-07,power_n,32.0,0.0,0.0,True
power_saturation,lambda_c_m,1.191103133283008e-07,power_n,2.0,4.3477851180417915e-09,5.668559475934539e-08,True
power_saturation,lambda_c_m,1.191103133283008e-07,power_n,4.0,2.498001805406602e-16,3.2568472039199506e-15,True
power_saturation,lambda_c_m,1.191103133283008e-07,power_n,8.0,0.0,0.0,True
power_saturation,lambda_c_m,1.191103133283008e-07,power_n,16.0,0.0,0.0,True
power_saturation,lambda_c_m,1.191103133283008e-07,power_n,32.0,0.0,0.0,True
power_saturation,lambda_c_m,1.3779723598335568e-07,power_n,2.0,5.819026607789546e-09,7.586736124888586e-08,True
power_saturation,lambda_c_m,1.3779723598335568e-07,power_n,4.0,4.579669976578771e-16,5.970886540519909e-15,True
power_saturation,lambda_c_m,1.3779723598335568e-07,power_n,8.0,0.0,0.0,True
power_saturation,lambda_c_m,1.3779723598335568e-07,power_n,16.0,0.0,0.0,True
power_saturation,lambda_c_m,1.3779723598335568e-07,power_n,32.0,0.0,0.0,True
power_saturation,lambda_c_m,1.5941590374559995e-07,power_n,2.0,7.788119565921292e-09,1.0154002041618372e-07,True
power_saturation,lambda_c_m,1.5941590374559995e-07,power_n,4.0,7.91033905045424e-16,1.0313349479079843e-14,True
power_saturation,lambda_c_m,1.5941590374559995e-07,power_n,8.0,0.0,0.0,True
power_saturation,lambda_c_m,1.5941590374559995e-07,power_n,16.0,0.0,0.0,True
power_saturation,lambda_c_m,1.5941590374559995e-07,power_n,32.0,0.0,0.0,True
power_saturation,lambda_c_m,1.8442627085855327e-07,power_n,2.0,1.0423531274228459e-08,1.359000166131481e-07,True
power_saturation,lambda_c_m,1.8442627085855327e-07,power_n,4.0,1.429412144204889e-15,1.863640344465305e-14,True
power_saturation,lambda_c_m,1.8442627085855327e-07,power_n,8.0,0.0,0.0,True
power_saturation,lambda_c_m,1.8442627085855327e-07,power_n,16.0,0.0,0.0,True
power_saturation,lambda_c_m,1.8442627085855327e-07,power_n,32.0,0.0,0.0,True
power_saturation,lambda_c_m,2.133604526501411e-07,power_n,2.0,1.3950736385548446e-08,1.8188704544391715e-07,True
power_saturation,lambda_c_m,2.133604526501411e-07,power_n,4.0,2.5396351688300456e-15,3.31112799065195e-14,True
power_saturation,lambda_c_m,2.133604526501411e-07,power_n,8.0,0.0,0.0,True
power_saturation,lambda_c_m,2.133604526501411e-07,power_n,16.0,0.0,0.0,True
power_saturation,lambda_c_m,2.133604526501411e-07,power_n,32.0,0.0,0.0,True
power_saturation,lambda_c_m,2.468340467068651e-07,power_n,2.0,1.867150749290669e-08,2.4343556053333366e-07,True
power_saturation,lambda_c_m,2.468340467068651e-07,power_n,4.0,4.565792188770956e-15,5.952792944942576e-14,True
power_saturation,lambda_c_m,2.468340467068651e-07,power_n,8.0,0.0,0.0,True
power_saturation,lambda_c_m,2.468340467068651e-07,power_n,16.0,0.0,0.0,True
power_saturation,lambda_c_m,2.468340467068651e-07,power_n,32.0,0.0,0.0,True
power_saturation,lambda_c_m,2.855592301990112e-07,power_n,2.0,2.4989733574121153e-08,3.25811389493105e-07,True
power_saturation,lambda_c_m,2.855592301990112e-07,power_n,4.0,8.18789480661053e-15,1.0675221390626504e-13,True
power_saturation,lambda_c_m,2.855592301990112e-07,power_n,8.0,0.0,0.0,True
power_saturation,lambda_c_m,2.855592301990112e-07,power_n,16.0,0.0,0.0,True
power_saturation,lambda_c_m,2.855592301990112e-07,power_n,32.0,0.0,0.0,True
power_saturation,lambda_c_m,3.303599120128339e-07,power_n,2.0,3.344597467036525e-08,4.36062251243354e-07,True
power_saturation,lambda_c_m,3.303599120128339e-07,power_n,4.0,1.466882171285988e-14,1.9124930525241043e-13,True
power_saturation,lambda_c_m,3.303599120128339e-07,power_n,8.0,0.0,0.0,True
power_saturation,lambda_c_m,3.303599120128339e-07,power_n,16.0,0.0,0.0,True
power_saturation,lambda_c_m,3.303599120128339e-07,power_n,32.0,0.0,0.0,True
power_saturation,lambda_c_m,3.821892620633115e-07,power_n,2.0,4.4763709697304144e-08,5.836207261708493e-07,True
power_saturation,lambda_c_m,3.821892620633115e-07,power_n,4.0,2.6256774532384952e-14,3.4233082832314145e-13,True
power_saturation,lambda_c_m,3.821892620633115e-07,power_n,8.0,0.0,0.0,True
power_saturation,lambda_c_m,3.821892620633115e-07,power_n,16.0,0.0,0.0,True
power_saturation,lambda_c_m,3.821892620633115e-07,power_n,32.0,0.0,0.0,True
power_saturation,lambda_c_m,4.421499907374487e-07,power_n,2.0,5.991123371018592e-08,7.81111260888995e-07,True
power_saturation,lambda_c_m,4.421499907374487e-07,power_n,4.0,4.7031822880683194e-14,6.131919541158173e-13,True
power_saturation,lambda_c_m,4.421499907374487e-07,power_n,8.0,0.0,0.0,True
power_saturation,lambda_c_m,4.421499907374487e-07,power_n,16.0,0.0,0.0,True
power_saturation,lambda_c_m,4.421499907374487e-07,power_n,32.0,0.0,0.0,True
power_saturation,lambda_c_m,5.115178099293146e-07,power_n,2.0,8.018450009528166e-08,1.0454302489606474e-06,True
power_saturation,lambda_c_m,5.115178099293146e-07,power_n,4.0,8.425204978124157e-14,1.09846218749989e-12,True
power_saturation,lambda_c_m,5.115178099293146e-07,power_n,8.0,0.0,0.0,True
power_saturation,lambda_c_m,5.115178099293146e-07,power_n,16.0,0.0,0.0,True
power_saturation,lambda_c_m,5.115178099293146e-07,power_n,32.0,0.0,0.0,True
power_saturation,lambda_c_m,5.917685748188831e-07,power_n,2.0,1.0731799493512995e-07,1.3991915897670135e-06,True
power_saturation,lambda_c_m,5.917685748188831e-07,power_n,4.0,1.509070646221744e-13,1.9674975830791967e-12,True
power_saturation,lambda_c_m,5.917685748188831e-07,power_n,8.0,0.0,0.0,True
power_saturation,lambda_c_m,5.917685748188831e-07,power_n,16.0,0.0,0.0,True
power_saturation,lambda_c_m,5.917685748188831e-07,power_n,32.0,0.0,0.0,True
power_saturation,lambda_c_m,6.846096838574658e-07,power_n,2.0,1.4363312907106351e-07,1.8726613959721447e-06,True
power_saturation,lambda_c_m,6.846096838574658e-07,power_n,4.0,2.703254287084178e-13,3.5244514825087066e-12,True
power_saturation,lambda_c_m,6.846096838574658e-07,power_n,8.0,0.0,0.0,True
power_saturation,lambda_c_m,6.846096838574658e-07,power_n,16.0,0.0,0.0,True
power_saturation,lambda_c_m,6.846096838574658e-07,power_n,32.0,0.0,0.0,True
power_saturation,lambda_c_m,7.920164050192557e-07,power_n,2.0,1.92236842139204e-07,2.5063473551395567e-06,True
power_saturation,lambda_c_m,7.920164050192557e-07,power_n,4.0,4.842376499780698e-13,6.3133983047988245e-12,True
power_saturation,lambda_c_m,7.920164050192557e-07,power_n,8.0,0.0,0.0,True
power_saturation,lambda_c_m,7.920164050192557e-07,power_n,16.0,0.0,0.0,True
power_saturation,lambda_c_m,7.920164050192557e-07,power_n,32.0,0.0,0.0,True
power_saturation,lambda_c_m,9.162739011886731e-07,power_n,2.0,2.57287408156337e-07,3.354464252364237e-06,True
power_saturation,lambda_c_m,9.162739011886731e-07,power_n,4.0,8.67403371351827e-13,1.1309040043700481e-11,True
power_saturation,lambda_c_m,9.162739011886731e-07,power_n,8.0,0.0,0.0,True
power_saturation,lambda_c_m,9.162739011886731e-07,power_n,16.0,0.0,0.0,True
power_saturation,lambda_c_m,9.162739011886731e-07,power_n,32.0,0.0,0.0,True
power_saturation,lambda_c_m,1.0600258488068825e-06,power_n,2.0,3.4435018056444555e-07,4.489572106446487e-06,True
power_saturation,lambda_c_m,1.0600258488068825e-06,power_n,4.0,1.553729367387291e-12,2.0257227736470547e-11,True
power_saturation,lambda_c_m,1.0600258488068825e-06,power_n,8.0,0.0,0.0,True
power_saturation,lambda_c_m,1.0600258488068825e-06,power_n,16.0,0.0,0.0,True
power_saturation,lambda_c_m,1.0600258488068825e-06,power_n,32.0,0.0,0.0,True
power_saturation,lambda_c_m,1.2263306841775643e-06,power_n,2.0,4.608737051159384e-07,6.008783639060474e-06,True
power_saturation,lambda_c_m,1.2263306841775643e-06,power_n,4.0,2.783204222644997e-12,3.6286886866297225e-11,True
power_saturation,lambda_c_m,1.2263306841775643e-06,power_n,8.0,0.0,0.0,True
power_saturation,lambda_c_m,1.2263306841775643e-06,power_n,16.0,0.0,0.0,True
power_saturation,lambda_c_m,1.2263306841775643e-06,power_n,32.0,0.0,0.0,True
power_saturation,lambda_c_m,1.4187266741165963e-06,power_n,2.0,6.168269230943935e-07,8.04207200905337e-06,True
power_saturation,lambda_c_m,1.4187266741165963e-06,power_n,4.0,4.985512003230497e-12,6.500015649583437e-11,True
power_saturation,lambda_c_m,1.4187266741165963e-06,power_n,8.0,0.0,0.0,True
power_saturation,lambda_c_m,1.4187266741165963e-06,power_n,16.0,0.0,0.0,True
power_saturation,lambda_c_m,1.4187266741165963e-06,power_n,32.0,0.0,0.0,True
power_saturation,lambda_c_m,1.64130719537513e-06,power_n,2.0,8.255519586553017e-07,1.0763389291464168e-05,True
power_saturation,lambda_c_m,1.64130719537513e-06,power_n,4.0,8.930467476631065e-12,1.1643373502778442e-10,True
power_saturation,lambda_c_m,1.64130719537513e-06,power_n,8.0,0.0,0.0,True
power_saturation,lambda_c_m,1.64130719537513e-06,power_n,16.0,0.0,0.0,True
power_saturation,lambda_c_m,1.64130719537513e-06,power_n,32.0,0.0,0.0,True
power_saturation,lambda_c_m,1.8988078244652614e-06,power_n,2.0,1.1049054121359259e-06,1.440554644245014e-05,True
power_saturation,lambda_c_m,1.8988078244652614e-06,power_n,4.0,1.599700927279457e-11,2.085659618356528e-10,True
power_saturation,lambda_c_m,1.8988078244652614e-06,power_n,8.0,0.0,0.0,True
power_saturation,lambda_c_m,1.8988078244652614e-06,power_n,16.0,0.0,0.0,True
power_saturation,lambda_c_m,1.8988078244652614e-06,power_n,32.0,0.0,0.0,True
power_saturation,lambda_c_m,2.196707090793235e-06,power_n,2.0,1.4787857322146047e-06,1.928012688676147e-05,True
power_saturation,lambda_c_m,2.196707090793235e-06,power_n,4.0,2.8655203210270486e-11,3.736010848796673e-10,True
power_saturation,lambda_c_m,2.196707090793235e-06,power_n,8.0,0.0,0.0,True
power_saturation,lambda_c_m,2.196707090793235e-06,power_n,16.0,0.0,0.0,True
power_saturation,lambda_c_m,2.196707090793235e-06,power_n,32.0,0.0,0.0,True
power_saturation,lambda_c_m,2.541343036702639e-06,power_n,2.0,1.9791772151167564e-06,2.580413579030973e-05,True
power_saturation,lambda_c_m,2.541343036702639e-06,power_n,4.0,5.132960723130964e-11,6.692256483873486e-10,True
power_saturation,lambda_c_m,2.541343036702639e-06,power_n,8.0,0.0,0.0,True
power_saturation,lambda_c_m,2.541343036702639e-06,power_n,16.0,0.0,0.0,True
power_saturation,lambda_c_m,2.541343036702639e-06,power_n,32.0,0.0,0.0,True
power_saturation,lambda_c_m,2.9400480643347136e-06,power_n,2.0,2.6488852796768825e-06,3.453566205576118e-05,True
power_saturation,lambda_c_m,2.9400480643347136e-06,power_n,4.0,9.194593697525733e-11,1.1987736241884919e-09,True
power_saturation,lambda_c_m,2.9400480643347136e-06,power_n,8.0,0.0,0.0,True
power_saturation,lambda_c_m,2.9400480643347136e-06,power_n,16.0,0.0,0.0,True
power_saturation,lambda_c_m,2.9400480643347136e-06,power_n,32.0,0.0,0.0,True
power_saturation,lambda_c_m,3.401304938279253e-06,power_n,2.0,3.545196628235159e-06,4.622159880358747e-05,True
power_saturation,lambda_c_m,3.401304938279253e-06,power_n,4.0,1.6470133590296143e-10,2.1473446662706836e-09,True
power_saturation,lambda_c_m,3.401304938279253e-06,power_n,8.0,0.0,0.0,True
power_saturation,lambda_c_m,3.401304938279253e-06,power_n,16.0,0.0,0.0,True
power_saturation,lambda_c_m,3.401304938279253e-06,power_n,32.0,0.0,0.0,True
power_saturation,lambda_c_m,3.934927263095845e-06,power_n,2.0,4.744776710557952e-06,6.186149557441918e-05,True
power_saturation,lambda_c_m,3.934927263095845e-06,power_n,4.0,2.950269473167566e-10,3.846505180140242e-09,True
power_saturation,lambda_c_m,3.934927263095845e-06,power_n,8.0,0.0,0.0,True
power_saturation,lambda_c_m,3.934927263095845e-06,power_n,16.0,0.0,0.0,True
power_saturation,lambda_c_m,3.934927263095845e-06,power_n,32.0,0.0,0.0,True
power_saturation,lambda_c_m,4.55226827550731e-06,power_n,2.0,6.350222188686305e-06,8.279298811846551e-05,True
power_saturation,lambda_c_m,4.55226827550731e-06,power_n,4.0,5.284771509295183e-10,6.890184497125401e-09,True
power_saturation,lambda_c_m,4.55226827550731e-06,power_n,8.0,0.0,0.0,True
power_saturation,lambda_c_m,4.55226827550731e-06,power_n,16.0,0.0,0.0,True
power_saturation,lambda_c_m,4.55226827550731e-06,power_n,32.0,0.0,0.0,True
power_saturation,lambda_c_m,5.266462393484281e-06,power_n,2.0,8.498826658903669e-06,0.00011080608420995656,True
power_saturation,lambda_c_m,5.266462393484281e-06,power_n,4.0,9.466529365953491e-10,1.2342280790030626e-08,True
power_saturation,lambda_c_m,5.266462393484281e-06,power_n,8.0,1.3877787807814457e-17,1.8093595577333058e-16,True
power_saturation,lambda_c_m,5.266462393484281e-06,power_n,16.0,0.0,0.0,True
power_saturation,lambda_c_m,5.266462393484281e-06,power_n,32.0,0.0,0.0,True
power_saturation,lambda_c_m,6.092704661368686e-06,power_n,2.0,1.1374305391748107e-05,0.0001482960285755946,False
power_saturation,lambda_c_m,6.092704661368686e-06,power_n,4.0,1.6957246579130114e-09,2.2108535305254386e-08,True
power_saturation,lambda_c_m,6.092704661368686e-06,power_n,8.0,4.163336342344337e-17,5.428078673199917e-16,True
power_saturation,lambda_c_m,6.092704661368686e-06,power_n,16.0,0.0,0.0,True
power_saturation,lambda_c_m,6.092704661368686e-06,power_n,32.0,0.0,0.0,True
power_saturation,lambda_c_m,7.048574036451903e-06,power_n,2.0,1.5222474692030974e-05,0.0001984677274058797,False
power_saturation,lambda_c_m,7.048574036451903e-06,power_n,4.0,3.0375251758307797e-09,3.960267504342607e-08,True
power_saturation,lambda_c_m,7.048574036451903e-06,power_n,8.0,1.1102230246251565e-16,1.4474876461866446e-15,True
power_saturation,lambda_c_m,7.048574036451903e-06,power_n,16.0,0.0,0.0,True
power_saturation,lambda_c_m,7.048574036451903e-06,power_n,32.0,0.0,0.0,True
power_saturation,lambda_c_m,8.15440739518517e-06,power_n,2.0,2.0372213881084122e-05,0.00026560904668949313,False
power_saturation,lambda_c_m,8.15440739518517e-06,power_n,4.0,5.441071440626111e-09,7.093965372393886e-08,True
power_saturation,lambda_c_m,8.15440739518517e-06,power_n,8.0,3.885780586188048e-16,5.0662067616532566e-15,True
power_saturation,lambda_c_m,8.15440739518517e-06,power_n,16.0,0.0,0.0,True
power_saturation,lambda_c_m,8.15440739518517e-06,power_n,32.0,0.0,0.0,True
power_saturation,lambda_c_m,9.433732216299773e-06,power_n,2.0,2.7263479231723342e-05,0.00035545605256484146,False
power_saturation,lambda_c_m,9.433732216299773e-06,power_n,4.0,9.746506171581792e-09,1.270730921979373e-07,True
power_saturation,lambda_c_m,9.433732216299773e-06,power_n,8.0,1.2351231148954867e-15,1.610330006382642e-14,True
power_saturation,lambda_c_m,9.433732216299773e-06,power_n,16.0,0.0,0.0,True
power_saturation,lambda_c_m,9.433732216299773e-06,power_n,32.0,0.0,0.0,True
power_saturation,lambda_c_m,1.0913767146512737e-05,power_n,2.0,3.648472350206711e-05,0.00047568088007910174,False
power_saturation,lambda_c_m,1.0913767146512737e-05,power_n,4.0,1.7458763199029725e-08,2.276240312780929e-07,True
power_saturation,lambda_c_m,1.0913767146512737e-05,power_n,8.0,3.982925100842749e-15,5.192861930694588e-14,True
power_saturation,lambda_c_m,1.0913767146512737e-05,power_n,16.0,0.0,0.0,True
power_saturation,lambda_c_m,1.0913767146512737e-05,power_n,32.0,0.0,0.0,True
power_saturation,lambda_c_m,1.2626001098748577e-05,power_n,2.0,4.882284541123105e-05,0.0006365429649443422,False
power_saturation,lambda_c_m,1.2626001098748577e-05,power_n,4.0,3.12736054969287e-08,4.0773931547495046e-07,True
power_saturation,lambda_c_m,1.2626001098748577e-05,power_n,8.0,1.2753686995381486e-14,1.662801433556908e-13,True
power_saturation,lambda_c_m,1.2626001098748577e-05,power_n,16.0,0.0,0.0,True
power_saturation,lambda_c_m,1.2626001098748577e-05,power_n,32.0,0.0,0.0,True
power_saturation,lambda_c_m,1.4606863203649888e-05,power_n,2.0,6.532980463418159e-05,0.000851757557160125,False
power_saturation,lambda_c_m,1.4606863203649888e-05,power_n,4.0,5.6019905297910455e-08,7.303768617719746e-07,True
power_saturation,lambda_c_m,1.4606863203649888e-05,power_n,8.0,4.091171845743702e-14,5.333991976197786e-13,True
power_saturation,lambda_c_m,1.4606863203649888e-05,power_n,16.0,0.0,0.0,True
power_saturation,lambda_c_m,1.4606863203649888e-05,power_n,32.0,0.0,0.0,True
power_saturation,lambda_c_m,1.6898497868124585e-05,power_n,2.0,8.741135520334842e-05,0.0011396526102131475,False
power_saturation,lambda_c_m,1.6898497868124585e-05,power_n,4.0,1.0034752753740328e-07,1.3083119626780088e-06,True
power_saturation,lambda_c_m,1.6898497868124585e-05,power_n,8.0,1.3128387266192476e-13,1.7116541416157073e-12,True
power_saturation,lambda_c_m,1.6898497868124585e-05,power_n,16.0,0.0,0.0,True
power_saturation,lambda_c_m,1.6898497868124585e-05,power_n,32.0,0.0,0.0,True
power_saturation,lambda_c_m,1.9549661430912596e-05,power_n,2.0,0.00011694504899305291,0.0015247072880450183,False
power_saturation,lambda_c_m,1.9549661430912596e-05,power_n,4.0,1.7975078001053468e-07,2.343556453853125e-06,True
power_saturation,lambda_c_m,1.9549661430912596e-05,power_n,8.0,4.2126024890620783e-13,5.49231093749945e-12,True
power_saturation,lambda_c_m,1.9549661430912596e-05,power_n,16.0,0.0,0.0,True
power_saturation,lambda_c_m,1.9549661430912596e-05,power_n,32.0,0.0,0.0,True
power_saturation,lambda_c_m,2.2616759492228645e-05,power_n,2.0,0.0001564368204057115,0.002039593486384765,False
power_saturation,lambda_c_m,2.2616759492228645e-05,power_n,4.0,3.219841808455026e-07,4.197968459524154e-06,True
power_saturation,lambda_c_m,2.2616759492228645e-05,power_n,8.0,1.351710410268936e-12,1.762334302827817e-11,True
power_saturation,lambda_c_m,2.2616759492228645e-05,power_n,16.0,0.0,0.0,True
power_saturation,lambda_c_m,2.2616759492228645e-05,power_n,32.0,0.0,0.0,True
power_saturation,lambda_c_m,2.6165046987488235e-05,power_n,2.0,0.00020922815130573758,0.0027278768097227842,False
power_saturation,lambda_c_m,2.6165046987488235e-05,power_n,4.0,5.767633418640727e-07,7.519730663156098e-06,True
power_saturation,lambda_c_m,2.6165046987488235e-05,power_n,8.0,4.337225023576252e-12,5.654791425783901e-11,True
power_saturation,lambda_c_m,2.6165046987488235e-05,power_n,16.0,0.0,0.0,True
power_saturation,lambda_c_m,2.6165046987488235e-05,power_n,32.0,0.0,0.0,True
power_saturation,lambda_c_m,3.027001653763468e-05,power_n,2.0,0.000279769055905682,0.003647575696293116,False
power_saturation,lambda_c_m,3.027001653763468e-05,power_n,4.0,1.0331410607578029e-06,1.3469896489671484e-05,True
power_saturation,lambda_c_m,3.027001653763468e-05,power_n,8.0,1.3916853780493454e-11,1.814452904888325e-10,True
power_saturation,lambda_c_m,3.027001653763468e-05,power_n,16.0,0.0,0.0,True
power_saturation,lambda_c_m,3.027001653763468e-05,power_n,32.0,0.0,0.0,True
power_saturation,lambda_c_m,3.501900461431713e-05,power_n,2.0,0.00037397583635957743,0.004875825767399966,False
power_saturation,lambda_c_m,3.501900461431713e-05,power_n,4.0,1.850629796337766e-06,2.4128159013530194e-05,True
power_saturation,lambda_c_m,3.501900461431713e-05,power_n,8.0,4.465500191841443e-11,5.822034148424306e-10,True
power_saturation,lambda_c_m,3.501900461431713e-05,power_n,16.0,0.0,0.0,True
power_saturation,lambda_c_m,3.501900461431713e-05,power_n,32.0,0.0,0.0,True
power_saturation,lambda_c_m,4.051304969235378e-05,power_n,2.0,0.0004996964355263589,0.006514947008166348,False
power_saturation,lambda_c_m,4.051304969235378e-05,power_n,4.0,3.314941095025614e-06,4.321957099120748e-05,True
power_saturation,lambda_c_m,4.051304969235378e-05,power_n,8.0,1.432845092574908e-10,1.86811615720327e-09,True
power_saturation,lambda_c_m,4.051304969235378e-05,power_n,16.0,0.0,0.0,True
power_saturation,lambda_c_m,4.051304969235378e-05,power_n,32.0,0.0,0.0,True
power_saturation,lambda_c_m,4.686904192314192e-05,power_n,2.0,0.0006673095180724231,0.008700254472912948,False
power_saturation,lambda_c_m,4.686904192314192e-05,power_n,4.0,5.937799382307873e-06,7.741589807441817e-05,True
power_saturation,lambda_c_m,4.686904192314192e-05,power_n,8.0,4.597569963626924e-10,5.994224202903421e-09,True
power_saturation,lambda_c_m,4.686904192314192e-05,power_n,16.0,0.0,0.0,True
power_saturation,lambda_c_m,4.686904192314192e-05,power_n,32.0,0.0,0.0,True
power_saturation,lambda_c_m,5.422221006501592e-05,power_n,2.0,0.0008904846300530345,0.011609969101082586,False
power_saturation,lambda_c_m,5.422221006501592e-05,power_n,4.0,1.0635636202308008e-05,0.00013866540029084753,False
power_saturation,lambda_c_m,5.422221006501592e-05,power_n,8.0,1.475222263791487e-09,1.9233667063774274e-08,True
power_saturation,lambda_c_m,5.422221006501592e-05,power_n,16.0,2.7755575615628914e-17,3.6187191154666115e-16,True
power_saturation,lambda_c_m,5.422221006501592e-05,power_n,32.0,0.0,0.0,True
power_saturation,lambda_c_m,6.272899858196256e-05,power_n,2.0,0.0011871270682817514,0.015477536744221008,False
power_saturation,lambda_c_m,6.272899858196256e-05,power_n,4.0,1.904935960039822e-05,0.00024836192438589596,False
power_saturation,lambda_c_m,6.272899858196256e-05,power_n,8.0,4.733545458379673e-09,6.171506464641034e-08,True
power_saturation,lambda_c_m,6.272899858196256e-05,power_n,16.0,2.914335439641036e-16,3.799655071239943e-15,True
power_saturation,lambda_c_m,6.272899858196256e-05,power_n,32.0,0.0,0.0,True
power_saturation,lambda_c_m,7.257039612324216e-05,power_n,2.0,0.0015805174187668303,0.020606485251197265,False
power_saturation,lambda_c_m,7.257039612324216e-05,power_n,4.0,3.411611697139161e-05,0.00044479943900119435,False
power_saturation,lambda_c_m,7.257039612324216e-05,power_n,8.0,1.5188525229192784e-08,1.9802510077174423e-07,True
power_saturation,lambda_c_m,7.257039612324216e-05,power_n,16.0,3.011479954295737e-15,3.9263102402812735e-14,True
power_saturation,lambda_c_m,7.257039612324216e-05,power_n,32.0,0.0,0.0,True
power_saturation,lambda_c_m,8.39557861999512e-05,power_n,2.0,0.0021006238486613593,0.02738753388085214,False
power_saturation,lambda_c_m,8.39557861999512e-05,power_n,4.0,6.109016824230873e-05,0.0007964819849062416,False
power_saturation,lambda_c_m,8.39557861999512e-05,power_n,8.0,4.873539956318229e-08,6.354028626229764e-07,True
power_saturation,lambda_c_m,8.39557861999512e-05,power_n,16.0,3.096134459923405e-14,4.0366811733030054e-13,True
power_saturation,lambda_c_m,8.39557861999512e-05,power_n,32.0,0.0,0.0,True
power_saturation,lambda_c_m,9.712740198471168e-05,power_n,2.0,0.0027855026461533483,0.036316853274489545,False
power_saturation,lambda_c_m,9.712740198471168e-05,power_n,4.0,0.00010936094378197203,0.0014258271679526992,False
power_saturation,lambda_c_m,9.712740198471168e-05,power_n,8.0,1.5637705694238058e-07,2.0388143017259525e-06,True
power_saturation,lambda_c_m,9.712740198471168e-05,power_n,16.0,3.1882829709672933e-13,4.1568226479364966e-12,True
power_saturation,lambda_c_m,9.712740198471168e-05,power_n,32.0,0.0,0.0,True
power_saturation,lambda_c_m,0.00011236548001387516,power_n,2.0,0.0036825923749685685,0.04801293839593961,False
power_saturation,lambda_c_m,0.00011236548001387516,power_n,4.0,0.00019567578752703596,0.0025511836704959056,False
power_saturation,lambda_c_m,0.00011236548001387516,power_n,8.0,5.017648027072497e-07,6.541913985752929e-06,True
power_saturation,lambda_c_m,0.00011236548001387516,power_n,16.0,3.282540905757969e-12,4.279714349097743e-11,True
power_saturation,lambda_c_m,0.00011236548001387516,power_n,32.0,0.0,0.0,True
power_saturation,lambda_c_m,0.00012999422244132475,power_n,2.0,0.004849531401401708,0.06322726729337298,False
power_saturation,lambda_c_m,0.00012999422244132475,power_n,4.0,0.00034980483227924075,0.004560688817200009,False
power_saturation,lambda_c_m,0.00012999422244132475,power_n,8.0,1.6099894581678154e-06,2.099073609084505e-05,True
power_saturation,lambda_c_m,0.00012999422244132475,power_n,16.0,3.379628521482658e-11,4.4062953343972075e-10,True
power_saturation,lambda_c_m,0.00012999422244132475,power_n,32.0,0.0,0.0,True
power_saturation,lambda_c_m,0.00015038869469554103,power_n,2.0,0.006353879173698493,0.08284066719293993,False
power_saturation,lambda_c_m,0.00015038869469554103,power_n,4.0,0.0006243467858374069,0.008140114548075708,False
power_saturation,lambda_c_m,0.00015038869469554103,power_n,8.0,5.165733675233097e-06,6.73498523498448e-05,True
power_saturation,lambda_c_m,0.00015038869469554103,power_n,16.0,3.4795825942790515e-10,4.53661355186317e-09,True
power_saturation,lambda_c_m,0.00015038869469554103,power_n,32.0,0.0,0.0,True
power_saturation,lambda_c_m,0.0001739828052930366,power_n,2.0,0.008270824522076461,0.10783343575067093,False
power_saturation,lambda_c_m,0.0001739828052930366,power_n,4.0,0.0011112250384454764,0.014487940527320421,False
power_saturation,lambda_c_m,0.0001739828052930366,power_n,8.0,1.6572824329375013e-05,0.00021607332893578896,False
power_saturation,lambda_c_m,0.0001739828052930366,power_n,16.0,3.582493149356658e-09,4.670786374650141e-08,True
power_saturation,lambda_c_m,0.0001739828052930366,power_n,32.0,1.6653345369377348e-16,2.171231469279967e-15,True
power_saturation,lambda_c_m,0.00020127853758499385,power_n,2.0,0.010677722584011298,0.13921411452426724,False
power_saturation,lambda_c_m,0.00020127853758499385,power_n,4.0,0.0019679590055101392,0.025657874908867524,False
power_saturation,lambda_c_m,0.00020127853758499385,power_n,8.0,5.3151855129052183e-05,0.000692983769609546,False
power_saturation,lambda_c_m,0.00020127853758499385,power_n,16.0,3.6884458182173674e-08,4.808925447480271e-07,True
power_saturation,lambda_c_m,0.00020127853758499385,power_n,32.0,1.7735812818386876e-14,2.312361514783165e-13,True
power_saturation,lambda_c_m,0.00023285662984981966,power_n,2.0,0.013644346092066967,0.17789238711951716,False
power_saturation,lambda_c_m,0.00023285662984981966,power_n,4.0,0.0034550271624245593,0.045045986472288906,False
power_saturation,lambda_c_m,0.00023285662984981966,power_n,8.0,0.00017028771618388117,0.002220178828994539,False
power_saturation,lambda_c_m,0.00023285662984981966,power_n,16.0,3.797516718445637e-07,4.951130011011261e-06,True
power_saturation,lambda_c_m,0.00023285662984981966,power_n,32.0,1.880218203353934e-12,2.451392703199392e-11,True
power_saturation,lambda_c_m,0.0002693889309590175,power_n,2.0,0.017218430455301192,0.2244906187131837,False
power_saturation,lambda_c_m,0.0002693889309590175,power_n,4.0,0.0059759265538806144,0.0779129928797994,False
power_saturation,lambda_c_m,0.0002693889309590175,power_n,8.0,0.0005437358719963536,0.00708912479786641,False
power_saturation,lambda_c_m,0.0002693889309590175,power_n,16.0,3.909650490088734e-06,5.097327887990527e-05,True
power_saturation,lambda_c_m,0.0002693889309590175,power_n,32.0,1.9930802841461315e-10,2.5985401357837436e-09,True
power_saturation,lambda_c_m,0.000311652694492943,power_n,2.0,0.021407786929385685,0.2791106509698264,False
power_saturation,lambda_c_m,0.000311652694492943,power_n,4.0,0.010082948372110032,0.13145956156597172,False
power_saturation,lambda_c_m,0.000311652694492943,power_n,8.0,0.001717788586929031,0.022396200611851772,False
power_saturation,lambda_c_m,0.000311652694492943,power_n,16.0,4.0233742052073196e-05,0.0005245598703008239,False
power_saturation,lambda_c_m,0.000311652694492943,power_n,32.0,2.112715981328339e-08,2.7545188804802334e-07,True
power_saturation,lambda_c_m,0.0003605471154250506,power_n,2.0,0.026162890807492033,0.34110679018894435,False
power_saturation,lambda_c_m,0.0003605471154250506,power_n,4.0,0.01635964176766465,0.21329389527594064,False
power_saturation,lambda_c_m,0.0003605471154250506,power_n,8.0,0.005252066927476595,0.0684754488588865,False
power_saturation,lambda_c_m,0.0003605471154250506,power_n,16.0,0.00041222668629964376,0.0053745330677919655,False
power_saturation,lambda_c_m,0.0003605471154250506,power_n,32.0,2.2394687781285283e-06,2.919776764183218e-05,True
power_saturation,lambda_c_m,0.00041711246120565247,power_n,2.0,0.03136640209207132,0.40894917981840045,False
power_saturation,lambda_c_m,0.00041711246120565247,power_n,4.0,0.02507297845651433,0.3268967204239156,False
power_saturation,lambda_c_m,0.00041711246120565247,power_n,8.0,0.014638374191137511,0.19085233625994147,False
power_saturation,lambda_c_m,0.00041711246120565247,power_n,16.0,0.0040422338417065995,0.05270187538079008,False
power_saturation,lambda_c_m,0.00041711246120565247,power_n,32.0,0.00023666390531884574,0.0030855789480944682,False
power_saturation,lambda_c_m,0.0004825522042741279,power_n,2.0,0.03683649416712038,0.4802671990498093,False
power_saturation,lambda_c_m,0.0004825522042741279,power_n,4.0,0.03568266810793661,0.46522383452329347,False
power_saturation,lambda_c_m,0.0004825522042741279,power_n,8.0,0.03304184061744996,0.4307932283891781,False
power_saturation,lambda_c_m,0.0004825522042741279,power_n,16.0,0.027933248581172264,0.3641883778510073,False
power_saturation,lambda_c_m,0.0004825522042741279,power_n,32.0,0.01894796362890174,0.24703994301045293,False
power_saturation,lambda_c_m,0.0005582586268862701,power_n,2.0,0.0423472790313096,0.552115763120073,False
power_saturation,lambda_c_m,0.0005582586268862701,power_n,4.0,0.04671894838824063,0.6091127560396431,False
power_saturation,lambda_c_m,0.0005582586268862701,power_n,8.0,0.054328329008048765,0.7083224120997231,False
power_saturation,lambda_c_m,0.0005582586268862701,power_n,16.0,0.06557976405769424,0.8550164805436015,False
power_saturation,lambda_c_m,0.0005582586268862701,power_n,32.0,0.07455625852762278,0.9720503067486672,False
power_saturation,lambda_c_m,0.0006458424430196991,power_n,2.0,0.047662554852675856,0.6214153175055522,False
power_saturation,lambda_c_m,0.0006458424430196991,power_n,4.0,0.05646888870308786,0.7362306219437791,False
power_saturation,lambda_c_m,0.0006458424430196991,power_n,8.0,0.06797630421590123,0.886262114940042,False
power_saturation,lambda_c_m,0.0006458424430196991,power_n,16.0,0.07545724119985156,0.9837971473253136,False
power_saturation,lambda_c_m,0.0006458424430196991,power_n,32.0,0.07667920066616687,0.9997288222446788,False
power_saturation,lambda_c_m,0.0007471670675868082,power_n,2.0,0.05257243780086096,0.6854294367778482,False
power_saturation,lambda_c_m,0.0007471670675868082,power_n,4.0,0.06391483564990452,0.8333094608853262,False
power_saturation,lambda_c_m,0.0007471670675868082,power_n,8.0,0.07375030128819177,0.9615423896765549,False
power_saturation,lambda_c_m,0.0007471670675868082,power_n,16.0,0.07657750202996251,0.9984028947843873,False
power_saturation,lambda_c_m,0.0007471670675868082,power_n,32.0,0.07669980373193291,0.9999974410943013,False
power_saturation,lambda_c_m,0.0008643882620598279,power_n,2.0,0.0569208508787163,0.7421232187577093,False
power_saturation,lambda_c_m,0.0008643882620598279,power_n,4.0,0.068992504253327,0.8995111375922684,False
power_saturation,lambda_c_m,0.0008643882620598279,power_n,8.0,0.07575572110589777,0.9876886715240909,False
power_saturation,lambda_c_m,0.0008643882620598279,power_n,16.0,0.07668808490906884,0.999844653312501,False
power_saturation,lambda_c_m,0.0008643882620598279,power_n,32.0,0.07669999814845492,0.9999999758599076,False
power_saturation,lambda_c_m,0.001,power_n,2.0,0.06061653119837242,0.7903067952851683,False
power_saturation,lambda_c_m,0.001,power_n,4.0,0.07219228518424634,0.9412292722848283,False
power_saturation,lambda_c_m,0.001,power_n,8.0,0.07640319700108261,0.9961303389971656,False
power_saturation,lambda_c_m,0.001,power_n,16.0,0.07669884255583231,0.9999849094632635,False
power_saturation,lambda_c_m,0.001,power_n,32.0,0.07669999998253302,0.9999999997722687,False
flat_cmb_channel,epsilon_amp,1e-09,,,1.9999724099051264e-09,2.6075259581553145e-08,True
flat_cmb_channel,epsilon_amp,1.1568875283162833e-09,,,2.3137431137687514e-09,3.0166142291639524e-08,True
flat_cmb_channel,epsilon_amp,1.338388753173759e-09,,,2.676740579188319e-09,3.4898834148478735e-08,True
flat_cmb_channel,epsilon_amp,1.548365256585496e-09,,,3.096687767323303e-09,4.0374025649586734e-08,True
flat_cmb_channel,epsilon_amp,1.7912844546220022e-09,,,3.5825194755201295e-09,4.670820698200951e-08,True
flat_cmb_channel,epsilon_amp,2.0723146452190293e-09,,,4.144572102182664e-09,5.4036142140582323e-08,True
flat_cmb_channel,epsilon_amp,2.3974349678010786e-09,,,4.794803776242418e-09,6.25137389340602e-08,True
flat_cmb_channel,epsilon_amp,2.773562614198418e-09,,,5.5470486814979125e-09,7.232136481744344e-08,True
flat_cmb_channel,epsilon_amp,3.2086999973704436e-09,,,6.417311432249662e-09,8.366768490547147e-08,True
flat_cmb_channel,epsilon_amp,3.7121050090663573e-09,,,7.424107578701822e-09,9.679410141723366e-08,True
flat_cmb_channel,epsilon_amp,4.294487988789272e-09,,,8.588857458580179e-09,1.1197988863859425e-07,True
flat_cmb_channel,epsilon_amp,4.968239594734388e-09,,,9.936342082461636e-09,1.2954813666833944e-07,True
flat_cmb_channel,epsilon_amp,5.747694424835358e-09,,,1.149523021215515e-08,1.498726233657777e-07,True
flat_cmb_channel,epsilon_amp,6.649435996665059e-09,,,1.329868848376492e-08,1.7338576901909935e-07,True
flat_cmb_channel,epsilon_amp,7.692649574879131e-09,,,1.538508684340023e-08,2.0058783368188045e-07,True
flat_cmb_channel,epsilon_amp,8.899530352885224e-09,,,1.779881508845449e-08,2.320575630828486e-07,True
flat_cmb_channel,epsilon_amp,1.0295755673125127e-08,,,2.0591227195554396e-08,2.684645005939295e-07,True
flat_cmb_channel,epsilon_amp,1.191103133283008e-08,,,2.3821733918794052e-08,3.10583232318045e-07,True
flat_cmb_channel,epsilon_amp,1.3779723598335568e-08,,,2.7559066889670802e-08,3.593098681834524e-07,True
flat_cmb_channel,epsilon_amp,1.5941590374559997e-08,,,3.188274078080866e-08,4.1568110535604507e-07,True
flat_cmb_channel,epsilon_amp,1.8442627085855328e-08,,,3.688474517482554e-08,4.808962865035924e-07,True
flat_cmb_channel,epsilon_amp,2.1336045265014108e-08,,,4.267150166548106e-08,5.563429161079669e-07,True
flat_cmb_channel,epsilon_amp,2.468340467068651e-08,,,4.936612810202412e-08,6.436261812519442e-07,True
flat_cmb_channel,epsilon_amp,2.8555923019901118e-08,,,5.711105791061932e-08,7.446031018333679e-07,True
flat_cmb_channel,epsilon_amp,3.3035991201283397e-08,,,6.607107064238171e-08,8.614220422735556e-07,True
flat_cmb_channel,epsilon_amp,3.821892620633115e-08,,,7.643679761359934e-08,9.965684173872143e-07,True
flat_cmb_channel,epsilon_amp,4.4214999073744864e-08,,,8.842877785575354e-08,1.1529175730867475e-06,True
flat_cmb_channel,epsilon_amp,5.115178099293145e-08,,,1.0230215025108791e-07,1.3337959615526455e-06,True
flat_cmb_channel,epsilon_amp,5.9176857481888305e-08,,,1.1835208171828704e-07,1.5430519128850981e-06,True
flat_cmb_channel,epsilon_amp,6.846096838574658e-08,,,1.369200473000376e-07,1.7851375136901903e-06,True
flat_cmb_channel,epsilon_amp,7.920164050192557e-08,,,1.58401095101679e-07,2.0652033259671315e-06,True
flat_cmb_channel,epsilon_amp,9.162739011886731e-08,,,1.8325225140114476e-07,2.389207971331744e-06,True
flat_cmb_channel,epsilon_amp,1.0600258488068824e-07,,,2.1200224417650126e-07,2.7640449045176176e-06,True
flat_cmb_channel,epsilon_amp,1.2263306841775643e-07,,,2.4526275227421124e-07,3.197689077890629e-06,True
flat_cmb_channel,epsilon_amp,1.4187266741165963e-07,,,2.837414192491394e-07,3.6993666134177236e-06,True
flat_cmb_channel,epsilon_amp,1.64130719537513e-07,,,3.2825690921001183e-07,4.2797510979141044e-06,True
flat_cmb_channel,epsilon_amp,1.8988078244652613e-07,,,3.797563243312929e-07,4.951190669247626e-06,True
flat_cmb_channel,epsilon_amp,2.196707090793235e-07,,,4.3933535542883817e-07,5.72797073570845e-06,True
flat_cmb_channel,epsilon_amp,2.541343036702639e-07,,,5.0826159345152e-07,6.626617906799478e-06,True
flat_cmb_channel,epsilon_amp,2.9400480643347136e-07,,,5.880014985748527e-07,7.666251611145407e-06,True
flat_cmb_channel,epsilon_amp,3.401304938279253e-07,,,6.802516003268089e-07,8.868990877794118e-06,True
flat_cmb_channel,epsilon_amp,3.934927263095845e-07,,,7.86974592548173e-07,1.0260424935439023e-05,True
flat_cmb_channel,epsilon_amp,4.55226827550731e-07,,,9.104410912119665e-07,1.187015764292003e-05,True
flat_cmb_channel,epsilon_amp,5.26646239348428e-07,,,1.0532779436966955e-06,1.3732437336332404e-05,True
flat_cmb_channel,epsilon_amp,6.092704661368687e-07,,,1.2185241169138106e-06,1.588688548779414e-05,True
flat_cmb_channel,epsilon_amp,7.048574036451903e-07,,,1.4096953537823254e-06,1.8379339684254565e-05,True
flat_cmb_channel,epsilon_amp,8.15440739518517e-07,,,1.6308589735336554e-06,2.1262828859630447e-05,True
flat_cmb_channel,epsilon_amp,9.433732216299774e-07,,,1.886720406907294e-06,2.4598701524215045e-05,True
flat_cmb_channel,epsilon_amp,1.0913767146512737e-06,,,2.1827233081805897e-06,2.8457931006265834e-05,True
flat_cmb_channel,epsilon_amp,1.2626001098748578e-06,,,2.5251653729962964e-06,3.292262546279395e-05,True
flat_cmb_channel,epsilon_amp,1.4606863203649888e-06,,,2.9213323269605684e-06,3.8087774797399846e-05,True
flat_cmb_channel,epsilon_amp,1.6898497868124586e-06,,,3.379652935148192e-06,4.406327164469611e-05,True
flat_cmb_channel,epsilon_amp,1.9549661430912594e-06,,,3.909878330682348e-06,5.097624942219489e-05,True
flat_cmb_channel,epsilon_amp,2.2616759492228647e-06,,,4.5232894780034005e-06,5.897378719691526e-05,True
flat_cmb_channel,epsilon_amp,2.6165046987488235e-06,,,5.232937184074249e-06,6.822603890579203e-05,True
flat_cmb_channel,epsilon_amp,3.0270016537634676e-06,,,6.053919764714699e-06,7.89298535164889e-05,True
flat_cmb_channel,epsilon_amp,3.501900461431713e-06,,,7.003704273228495e-06,9.13129631450912e-05,True
flat_cmb_channel,epsilon_amp,4.051304969235378e-06,,,8.102498125717172e-06,0.00010563882823620823,True
flat_cmb_channel,epsilon_amp,4.686904192314192e-06,,,9.373679029867077e-06,0.0001222122428926607,True
flat_cmb_channel,epsilon_amp,5.422221006501592e-06,,,1.0844292364087238e-05,0.0001413858196100031,False
flat_cmb_channel,epsilon_amp,6.2728998581962565e-06,,,1.2545626589421932e-05,0.00016356749138750888,False
flat_cmb_channel,epsilon_amp,7.257039612324216e-06,,,1.4513878936223135e-05,0.0001892291908242912,False
flat_cmb_channel,epsilon_amp,8.39557861999512e-06,,,1.679092552880901e-05,0.00021891689085800533,False
flat_cmb_channel,epsilon_amp,9.712740198471169e-06,,,1.942521233314065e-05,0.00025326222077106454,False
flat_cmb_channel,epsilon_amp,1.1236548001387516e-05,,,2.247278588313195e-05,0.00029299590460406716,False
flat_cmb_channel,epsilon_amp,1.2999422244132476e-05,,,2.5998485714717745e-05,0.0003389633078841948,False
flat_cmb_channel,epsilon_amp,1.5038869469554101e-05,,,3.007732387844131e-05,0.0003921424234477354,False
flat_cmb_channel,epsilon_amp,1.739828052930366e-05,,,3.479608088011177e-05,0.00045366467901058365,False
flat_cmb_channel,epsilon_amp,2.0127853758499385e-05,,,4.0255152004481376e-05,0.0005248390091848941,False
flat_cmb_channel,epsilon_amp,2.3285662984981965e-05,,,4.6570683304464344e-05,0.0006071797040999263,False
flat_cmb_channel,epsilon_amp,2.6938893095901753e-05,,,5.3877042700101185e-05,0.0007024386271199633,False
flat_cmb_channel,epsilon_amp,3.11652694492943e-05,,,6.232967876232398e-05,0.000812642487122868,False
flat_cmb_channel,epsilon_amp,3.605471154250506e-05,,,7.210842800409178e-05,0.000940135958332357,False
flat_cmb_channel,epsilon_amp,4.171124612056525e-05,,,8.342134104441512e-05,0.0010876315651162337,False
flat_cmb_channel,epsilon_amp,4.825522042741279e-05,,,9.650910904970833e-05,0.001258267393086158,False
flat_cmb_channel,epsilon_amp,5.5825862688627005e-05,,,0.0001116501846285256,0.0014556738543484433,False
flat_cmb_channel,epsilon_amp,6.458424430196992e-05,,,0.00012916670613094539,0.001684050927391726,False
flat_cmb_channel,epsilon_amp,7.471670675868082e-05,,,0.00014943135139658392,0.0019482575149489428,False
flat_cmb_channel,epsilon_amp,8.64388262059828e-05,,,0.00017287526677015053,0.002253914820992836,False
flat_cmb_channel,epsilon_amp,0.0001,,,0.00019999724008074038,0.002607525946293877,False
