zHD,MU_SH0ES,MU_SH0ES_ERR_DIAG,c,USED_IN_SH0ES_HF,mu_lcdm,residual,cz,zbin
0.02343,34.8582,0.260273,0.00834,1,35.04623092467972,-0.1880309246797225,0.0001954062,"(0.0224, 0.0276]"
0.02343,34.8582,0.170636,-0.02851,1,35.04623092467972,-0.1880309246797225,-0.0006679893,"(0.0224, 0.0276]"
0.02344,34.8331,0.263771,0.028589,1,35.047173776261516,-0.21407377626151458,0.00067012616,"(0.0224, 0.0276]"
0.02352,34.8391,0.21588,-0.022127,1,35.054702380668985,-0.21560238066898307,-0.00052042704,"(0.0224, 0.0276]"
0.02357,35.0406,0.206572,-0.016581,1,35.059394982354064,-0.018794982354066292,-0.00039081417,"(0.0224, 0.0276]"
0.02357,34.9509,0.259128,0.044782,1,35.059394982354064,-0.10849498235406685,0.0010555117400000002,"(0.0224, 0.0276]"
0.02357,34.5715,0.261746,0.027298,1,35.059394982354064,-0.4878949823540637,0.00064341386,"(0.0224, 0.0276]"
0.02365,34.9543,0.274039,0.11405,1,35.06688282445473,-0.11258282445472645,0.0026972825000000002,"(0.0224, 0.0276]"
0.02369,34.943,0.2098,-0.093006,1,35.0706174116622,-0.1276174116622002,-0.00220331214,"(0.0224, 0.0276]"
0.02388,34.9949,0.180801,-0.015239,1,35.08827246089957,-0.09337246089956608,-0.00036390732,"(0.0224, 0.0276]"
0.02391,34.8993,0.190331,-0.11565,1,35.09104746984843,-0.19174746984842983,-0.0027651915000000003,"(0.0224, 0.0276]"
0.02411,35.1049,0.31033,-0.036617,1,35.109460524145774,-0.00456052414577357,-0.0008828358699999999,"(0.0224, 0.0276]"
0.02412,34.8782,0.224067,-0.004958,1,35.11037723125074,-0.23217723125073775,-0.00011958695999999999,"(0.0224, 0.0276]"
0.02417,34.9421,0.208286,-0.012123,1,35.11495517063903,-0.1728551706390249,-0.00029301291,"(0.0224, 0.0276]"
0.02417,35.084,0.183555,-0.068213,1,35.11495517063903,-0.030955170639025198,-0.0016487082099999998,"(0.0224, 0.0276]"
0.02432,34.9871,0.184147,-0.04336,1,35.12863335000421,-0.14153335000420952,-0.0010545152,"(0.0224, 0.0276]"
0.02432,34.953,0.198064,0.010966,1,35.12863335000421,-0.17563335000420466,0.00026669312000000004,"(0.0224, 0.0276]"
0.02432,35.2317,0.235205,-0.069691,1,35.12863335000421,0.10306664999578885,-0.00169488512,"(0.0224, 0.0276]"
0.02434,35.0102,0.201948,-0.060615,1,35.13045083954871,-0.12025083954871008,-0.0014753691,"(0.0224, 0.0276]"
0.02453,35.008,0.162015,-0.096976,1,35.1476441579232,-0.1396441579232004,-0.0023788212800000003,"(0.0224, 0.0276]"
0.02453,35.0746,0.209952,-0.087507,1,35.1476441579232,-0.0730441579232064,-0.00214654671,"(0.0224, 0.0276]"
0.02453,34.9493,0.170871,-0.070908,1,35.1476441579232,-0.19834415792320215,-0.00173937324,"(0.0224, 0.0276]"
0.02457,35.1784,0.189112,-0.125246,1,35.15124712452928,0.0271528754707262,-0.00307729422,"(0.0224, 0.0276]"
0.02466,34.8112,0.317595,0.09128,1,35.15933277131032,-0.3481327713103184,0.0022509648,"(0.0224, 0.0276]"
0.02491,35.0862,0.240547,0.032819,1,35.181641690842866,-0.09544169084286835,0.0008175212900000001,"(0.0224, 0.0276]"
0.02494,35.1973,0.228493,-0.128297,1,35.18430396607489,0.012996033925105621,-0.00319972718,"(0.0224, 0.0276]"
0.02509,35.2152,0.268527,0.037954,1,35.19756833088863,0.017631669111374038,0.0009522658600000001,"(0.0224, 0.0276]"
0.0251,34.8369,0.288042,-0.006157,1,35.19844985008491,-0.3615498500849128,-0.00015454070000000002,"(0.0224, 0.0276]"
0.0251,34.8482,0.181918,-0.061404,1,35.19844985008491,-0.35024985008491427,-0.0015412404,"(0.0224, 0.0276]"
0.0251,35.079,0.205996,0.026245,1,35.19844985008491,-0.11944985008491216,0.0006587495000000001,"(0.0224, 0.0276]"
0.0251,35.009,0.176889,-0.113141,1,35.19844985008491,-0.18944985008491244,-0.0028398391000000003,"(0.0224, 0.0276]"
0.02513,34.4583,0.333265,0.0523,1,35.20109233931066,-0.742792339310661,0.001314299,"(0.0224, 0.0276]"
0.02517,34.9117,0.306484,0.096088,1,35.20461084232362,-0.2929108423236144,0.0024185349600000005,"(0.0224, 0.0276]"
0.02517,35.1989,0.238281,-0.033322,1,35.20461084232362,-0.00571084232361585,-0.00083871474,"(0.0224, 0.0276]"
0.02525,34.9063,0.269066,0.13662,1,35.21163140192989,-0.30533140192989094,0.003449655,"(0.0224, 0.0276]"
0.02534,35.1974,0.185937,-0.091254,1,35.21950346494694,-0.02210346494693738,-0.00231237636,"(0.0224, 0.0276]"
0.02556,35.1828,0.233724,0.069316,1,35.238631278307494,-0.0558312783074939,0.00177171696,"(0.0224, 0.0276]"
0.02557,35.0621,0.190177,-0.027287,1,35.239496878218674,-0.17739687821867278,-0.0006977285899999999,"(0.0224, 0.0276]"
0.02591,35.1181,0.200181,-0.120033,1,35.2687312071066,-0.15063120710659916,-0.00311005503,"(0.0224, 0.0276]"
0.02598,35.2931,0.179545,-0.092071,1,35.27470326327348,0.018396736726522533,-0.00239200458,"(0.0224, 0.0276]"
0.02598,35.1081,0.198242,-0.016115,1,35.27470326327348,-0.16660326327347974,-0.00041866770000000003,"(0.0224, 0.0276]"
0.02598,34.835,0.348314,0.14443,1,35.27470326327348,-0.4397032632734792,0.0037522914,"(0.0224, 0.0276]"
0.02598,35.3111,0.17873,-0.027296,1,35.27470326327348,0.036396736726523216,-0.00070915008,"(0.0224, 0.0276]"
0.02669,35.308,0.179587,-0.055584,1,35.33439981486697,-0.02639981486696996,-0.00148353696,"(0.0224, 0.0276]"
0.02691,35.2688,0.183373,0.015337,1,35.352581349734024,-0.08378134973402496,0.00041271867,"(0.0224, 0.0276]"
0.02691,35.2892,0.205883,-0.046336,1,35.352581349734024,-0.06338134973402276,-0.0012469017600000001,"(0.0224, 0.0276]"
0.02713,35.2513,0.18676,-0.02295,1,35.37061763020939,-0.11931763020938746,-0.0006226335000000001,"(0.0224, 0.0276]"
0.0273,35.2892,0.298907,-0.04987,1,35.38445675495253,-0.09525675495252983,-0.001361451,"(0.0224, 0.0276]"
0.02731,35.2673,0.172357,-0.07121,1,35.38526818645775,-0.11796818645775176,-0.0019447451,"(0.0224, 0.0276]"
0.02731,35.3437,0.230789,0.021976,1,35.38526818645775,-0.041568186457752176,0.00060016456,"(0.0224, 0.0276]"
0.02731,35.1118,0.346591,0.066694,1,35.38526818645775,-0.2734681864577482,0.0018214131400000001,"(0.0224, 0.0276]"
0.02731,35.227,0.261645,0.054766,1,35.38526818645775,-0.15826818645775376,0.0014956594600000002,"(0.0224, 0.0276]"
0.02736,35.313,0.220137,-0.104397,1,35.38932097750547,-0.07632097750546762,-0.00285630192,"(0.0224, 0.0276]"
0.02748,35.113,0.172724,-0.130216,1,35.399018113709005,-0.2860181137090052,-0.00357833568,"(0.0224, 0.0276]"
0.02748,35.1538,0.186856,-0.073397,1,35.399018113709005,-0.24521811370900792,-0.00201694956,"(0.0224, 0.0276]"
0.02748,35.1117,0.170295,-0.087572,1,35.399018113709005,-0.28731811370900573,-0.00240647856,"(0.0224, 0.0276]"
0.02805,35.1306,0.184771,-0.106486,1,35.444519642821014,-0.3139196428210127,-0.0029869323,"(0.0276, 0.0333]"
0.02816,35.3613,0.190628,-0.098566,1,35.45319618546314,-0.09189618546314193,-0.00277561856,"(0.0276, 0.0333]"
0.02819,35.3174,0.173415,-0.080131,1,35.45555674885619,-0.1381567488561899,-0.0022588928899999997,"(0.0276, 0.0333]"
0.0282,35.2874,0.292934,0.033306,1,35.45634305608481,-0.16894305608481375,0.0009392292,"(0.0276, 0.0333]"
0.02823,35.5061,0.163093,-0.010084,1,35.458700338776225,0.04739966122377837,-0.00028467132,"(0.0276, 0.0333]"
0.02823,35.5563,0.160218,-0.018126,1,35.458700338776225,0.09759966122377506,-0.0005116969800000001,"(0.0276, 0.0333]"
0.02823,35.558,0.160985,-0.022145,1,35.458700338776225,0.09929966122377465,-0.00062515335,"(0.0276, 0.0333]"
0.02844,35.372,0.160301,-0.08227,1,35.475132883749026,-0.1031328837490264,-0.0023397587999999998,"(0.0276, 0.0333]"
0.02844,35.3421,0.156527,-0.069418,1,35.475132883749026,-0.13303288374902422,-0.00197424792,"(0.0276, 0.0333]"
0.02849,35.4368,0.180322,-0.092002,1,35.47902786275763,-0.04222786275763468,-0.00262113698,"(0.0276, 0.0333]"
0.02849,35.2913,0.178243,-0.065509,1,35.47902786275763,-0.1877278627576331,-0.0018663514100000001,"(0.0276, 0.0333]"
0.02849,35.359,0.180243,-0.070904,1,35.47902786275763,-0.120027862757631,-0.00202005496,"(0.0276, 0.0333]"
0.02866,35.3449,0.211378,0.004586,1,35.4922208593063,-0.1473208593062978,0.00013143476,"(0.0276, 0.0333]"
0.02873,34.9487,0.227749,0.08478,1,35.49763099133436,-0.548930991334359,0.0024357294,"(0.0276, 0.0333]"
0.02902,35.0558,0.218663,0.053166,1,35.51990764154147,-0.46410764154147444,0.00154287732,"(0.0276, 0.0333]"
0.02913,35.5152,0.250819,0.042514,1,35.52830039082289,-0.013100390822891939,0.00123843282,"(0.0276, 0.0333]"
0.02915,35.6948,0.183345,-0.099116,1,35.529823008579434,0.16497699142056632,-0.0028892313999999996,"(0.0276, 0.0333]"
0.02917,35.2391,0.185823,0.006798,1,35.531344603190455,-0.2922446031904542,0.00019829766000000002,"(0.0276, 0.0333]"
0.02938,35.472,0.225755,0.064272,1,35.54725992499152,-0.07525992499152068,0.0018883113599999998,"(0.0276, 0.0333]"
0.02947,35.0939,0.272694,-0.007815,1,35.55404669095643,-0.4601466909564351,-0.00023030805000000002,"(0.0276, 0.0333]"
0.02949,35.6079,0.224233,-0.034882,1,35.555552103873254,0.05234789612674717,-0.0010286701800000001,"(0.0276, 0.0333]"
0.0295,35.3638,0.283742,0.086425,1,35.55630443535572,-0.1925044353557226,0.0025495375,"(0.0276, 0.0333]"
0.02978,35.5015,0.190369,-0.087344,1,35.577268928812735,-0.07576892881273523,-0.0026011043200000004,"(0.0276, 0.0333]"
0.0299,35.4354,0.185335,-0.062035,1,35.58619467814305,-0.15079467814305048,-0.0018548465,"(0.0276, 0.0333]"
0.03012,35.5195,0.196088,0.038781,1,35.60246782331589,-0.08296782331589014,0.00116808372,"(0.0276, 0.0333]"
0.03012,35.4838,0.199296,0.052068,1,35.60246782331589,-0.11866782331588865,0.0015682881600000002,"(0.0276, 0.0333]"
0.03012,35.4761,0.233488,0.071029,1,35.60246782331589,-0.12636782331588847,0.00213939348,"(0.0276, 0.0333]"
0.03031,35.5542,0.216273,-0.016333,1,35.61642851838427,-0.06222851838426635,-0.00049505323,"(0.0276, 0.0333]"
0.03083,35.4648,0.278746,0.054686,1,35.654203091972896,-0.18940309197289906,0.0016859693799999998,"(0.0276, 0.0333]"
0.03091,35.4926,0.166476,-0.069695,1,35.659959149876485,-0.16735914987648215,-0.00215427245,"(0.0276, 0.0333]"
0.03114,35.67,0.236835,0.040009,1,35.67642696867234,-0.006426968672336386,0.00124588026,"(0.0276, 0.0333]"
0.03114,35.5409,0.184896,0.033608,1,35.67642696867234,-0.1355269686723375,0.00104655312,"(0.0276, 0.0333]"
0.03116,35.5877,0.169094,-0.027281,1,35.67785332342601,-0.09015332342600857,-0.00085007596,"(0.0276, 0.0333]"
0.0312,35.4957,0.175954,-0.056702,1,35.68070334752309,-0.185003347523093,-0.0017691024,"(0.0276, 0.0333]"
0.0312,35.5793,0.14868,-0.102398,1,35.68070334752309,-0.10140334752308888,-0.0031948175999999997,"(0.0276, 0.0333]"
0.0312,35.4841,0.153803,-0.054047,1,35.68070334752309,-0.19660334752309438,-0.0016862663999999998,"(0.0276, 0.0333]"
0.03143,35.6461,0.196214,0.011862,1,35.697021928972475,-0.05092192897247827,0.00037282266,"(0.0276, 0.0333]"
0.03143,35.5602,0.185563,-0.102111,1,35.697021928972475,-0.13682192897247347,-0.0032093487299999996,"(0.0276, 0.0333]"
0.03148,35.7017,0.164289,-0.057822,1,35.70055398382667,0.0011460161733296559,-0.00182023656,"(0.0276, 0.0333]"
0.03148,35.707,0.22057,-0.082751,1,35.70055398382667,0.006446016173327962,-0.0026050014800000003,"(0.0276, 0.0333]"
0.03162,35.6474,0.19424,0.03606,1,35.710414618406666,-0.06301461840666889,0.0011402172,"(0.0276, 0.0333]"
0.03162,35.6847,0.188076,0.023112,1,35.710414618406666,-0.025714618406667,0.0007308014400000001,"(0.0276, 0.0333]"
0.03166,35.7279,0.17805,0.013262,1,35.71322409891299,0.01467590108700989,0.00041987492,"(0.0276, 0.0333]"
0.03192,35.4592,0.276064,-0.039578,1,35.731401531329865,-0.2722015313298627,-0.0012633297599999999,"(0.0276, 0.0333]"
0.03201,35.4896,0.148675,-0.106375,1,35.73765999578673,-0.24805999578672555,-0.0034050637499999994,"(0.0276, 0.0333]"
0.03236,35.6746,0.20211,-0.031578,1,35.76183598159588,-0.08723598159588164,-0.00102186408,"(0.0276, 0.0333]"
0.03255,35.576,0.196814,-0.0745,1,35.7748532340213,-0.19885323402129984,-0.0024249750000000002,"(0.0276, 0.0333]"
0.03264,35.8808,0.19004,0.044949,1,35.7809933942885,0.09980660571149969,0.0014671353600000001,"(0.0276, 0.0333]"
0.03264,35.9082,0.198168,-0.055939,1,35.7809933942885,0.12720660571149978,-0.0018258489600000002,"(0.0276, 0.0333]"
0.03282,35.6329,0.204026,-0.028927,1,35.79322421937272,-0.16032421937271835,-0.0009493841400000001,"(0.0276, 0.0333]"
0.03289,35.8381,0.178659,-0.115009,1,35.79796295180963,0.0401370481903669,-0.00378264601,"(0.0276, 0.0333]"
0.0329,35.7248,0.15355,-0.08068,1,35.798639108726356,-0.07383910872635369,-0.002654372,"(0.0276, 0.0333]"
0.03296,35.7324,0.22019,0.027296,1,35.80269183667198,-0.07029183667198424,0.0008996761600000001,"(0.0276, 0.0333]"
0.03296,35.8907,0.225741,0.021543,1,35.80269183667198,0.08800816332801986,0.00071005728,"(0.0276, 0.0333]"
0.03333,35.7268,0.162633,-0.130539,1,35.82752545306401,-0.10072545306401537,-0.004350864869999999,"(0.0276, 0.0333]"
0.03335,35.8159,0.198961,0.028141,1,35.8288601243807,-0.01296012438069738,0.0009385023499999999,"(0.0333, 0.0439]"
0.03341,35.8647,0.150987,-0.098536,1,35.832859450770684,0.03184054922931523,-0.00329208776,"(0.0333, 0.0439]"
0.03341,35.8516,0.143619,-0.126797,1,35.832859450770684,0.018740549229313785,-0.00423628777,"(0.0333, 0.0439]"
0.03371,35.7797,0.159699,-0.069085,1,35.85275140636133,-0.0730514063613299,-0.0023288553499999994,"(0.0333, 0.0439]"
0.03373,35.829,0.273673,0.15241,1,35.8540713803081,-0.025071380308098412,0.0051407893,"(0.0333, 0.0439]"
0.03375,36.0229,0.243018,0.048082,1,35.85539058986904,0.1675094101309611,0.0016227675000000002,"(0.0333, 0.0439]"
0.03378,35.8276,0.259126,0.09667,1,35.857367972965385,-0.029767972965387912,0.0032655126,"(0.0333, 0.0439]"
0.03393,35.9089,0.177213,0.023002,1,35.86722922728555,0.041670772714454074,0.0007804578600000001,"(0.0333, 0.0439]"
0.03428,35.9188,0.207416,0.065043,1,35.89007421642644,0.02872578357355593,0.00222967404,"(0.0333, 0.0439]"
0.03428,35.9378,0.211316,0.071739,1,35.89007421642644,0.04772578357356139,0.00245921292,"(0.0333, 0.0439]"
0.03437,35.7837,0.217075,0.054822,1,35.89591182152717,-0.11221182152716835,0.0018842321399999999,"(0.0333, 0.0439]"
0.03459,35.7348,0.155656,-0.019262,1,35.91011891748619,-0.17531891748618733,-0.00066627258,"(0.0333, 0.0439]"
0.03479,35.8566,0.205773,0.058669,1,35.92295810468462,-0.06635810468461756,0.00204109451,"(0.0333, 0.0439]"
0.03512,35.8816,0.169326,-0.085933,1,35.94398605170579,-0.06238605170579348,-0.0030179669599999996,"(0.0333, 0.0439]"
0.03515,35.8937,0.211664,-0.052286,1,35.94588810924645,-0.052188109246444014,-0.0018378529,"(0.0333, 0.0439]"
0.03529,35.861,0.1686,-0.052529,1,35.95474347890979,-0.09374347890979351,-0.00185374841,"(0.0333, 0.0439]"
0.03568,36.234,0.188455,-0.125294,1,35.97923240803094,0.2547675919690633,-0.00447048992,"(0.0333, 0.0439]"
0.03576,35.9591,0.225173,0.092859,1,35.98422347970559,-0.025123479705591478,0.00332063784,"(0.0333, 0.0439]"
0.03583,35.9325,0.204232,0.031814,1,35.98858173858585,-0.05608173858585275,0.00113989562,"(0.0333, 0.0439]"
0.03585,35.5515,0.204326,-0.007576,1,35.989825429587,-0.43832542958700316,-0.0002715996,"(0.0333, 0.0439]"
0.03599,35.9909,0.187185,-0.120564,1,35.9985123594802,-0.0076123594801984495,-0.004339098360000001,"(0.0333, 0.0439]"
0.03616,35.8586,0.223482,-0.070943,1,36.009016562766824,-0.15041656276682147,-0.00256529888,"(0.0333, 0.0439]"
0.03624,36.1845,0.187245,-0.047187,1,36.01394305908003,0.17055694091997253,-0.0017100568800000001,"(0.0333, 0.0439]"
0.03682,35.9282,0.1566,-0.0755,1,36.04934612754288,-0.121146127542886,-0.00277991,"(0.0333, 0.0439]"
0.03682,35.8836,0.185109,-0.090516,1,36.04934612754288,-0.16574612754288154,-0.00333279912,"(0.0333, 0.0439]"
0.03705,35.9637,0.166565,-0.099791,1,36.06323489912448,-0.09953489912447822,-0.0036972565500000003,"(0.0333, 0.0439]"
0.03707,36.0475,0.166339,-0.047118,1,36.06443864283816,-0.01693864283816282,-0.00174666426,"(0.0333, 0.0439]"
0.03725,36.0067,0.135213,-0.042863,1,36.07524393264368,-0.06854393264367786,-0.0015966467499999998,"(0.0333, 0.0439]"
0.03725,35.9927,0.149174,-0.030117,1,36.07524393264368,-0.08254393264368076,-0.00112185825,"(0.0333, 0.0439]"
0.0373,35.8698,0.18969,0.016022,1,36.07823636918921,-0.20843636918921504,0.0005976206000000001,"(0.0333, 0.0439]"
0.0374,35.9789,0.163683,-0.096867,1,36.08420952960545,-0.10530952960544937,-0.0036228258,"(0.0333, 0.0439]"
0.03753,35.949,0.262609,0.056405,1,36.09195140700502,-0.14295140700502174,0.00211687965,"(0.0333, 0.0439]"
0.03756,36.3333,0.171248,-0.104639,1,36.0937342818863,0.23956571811370253,-0.00393024084,"(0.0333, 0.0439]"
0.03756,36.2185,0.171341,-0.034681,1,36.0937342818863,0.12476571811370007,-0.00130261836,"(0.0333, 0.0439]"
0.03796,36.0889,0.198876,-0.026254,1,36.11737423644481,-0.028474236444807843,-0.00099660184,"(0.0333, 0.0439]"
0.03818,35.8938,0.151724,-0.068868,1,36.130272949564734,-0.2364729495647353,-0.0026293802399999996,"(0.0333, 0.0439]"
0.03818,35.8617,0.152703,-0.060189,1,36.130272949564734,-0.2685729495647351,-0.00229801602,"(0.0333, 0.0439]"
0.03828,36.1141,0.236153,-0.117726,1,36.13611207940048,-0.022012079400482776,-0.00450655128,"(0.0333, 0.0439]"
0.03848,36.2564,0.149974,-0.139538,1,36.14774589047836,0.10865410952163757,-0.0053694222399999995,"(0.0333, 0.0439]"
0.03873,36.0125,0.17035,-0.132215,1,36.162205603166655,-0.1497056031666517,-0.00512068695,"(0.0333, 0.0439]"
0.03884,36.026,0.219507,0.05253,1,36.16853909824509,-0.14253909824508781,0.0020402652,"(0.0333, 0.0439]"
0.04014,36.284,0.147901,-0.001615,1,36.242094406298776,0.041905593701223154,-6.48261e-05,"(0.0333, 0.0439]"
0.04035,36.5486,0.234635,0.030005,1,36.25375840296441,0.29484159703559243,0.0012107017499999998,"(0.0333, 0.0439]"
0.04056,36.0167,0.143473,-0.094287,1,36.265363479774045,-0.24866347977404502,-0.0038242807199999995,"(0.0333, 0.0439]"
0.04056,36.0818,0.14498,-0.052499,1,36.265363479774045,-0.18356347977404397,-0.00212935944,"(0.0333, 0.0439]"
0.04089,36.1263,0.168835,-0.028406,1,36.28348244494141,-0.1571824449414123,-0.0011615213400000002,"(0.0333, 0.0439]"
0.04099,36.0403,0.147245,-0.035481,1,36.288944962726305,-0.24864496272630277,-0.0014543661899999998,"(0.0333, 0.0439]"
0.04101,36.3153,0.150794,-0.081271,1,36.290035910613064,0.025264089386936917,-0.0033329237099999996,"(0.0333, 0.0439]"
0.04222,36.2101,0.208042,-0.069318,1,36.355093925531186,-0.14499392553118895,-0.00292660596,"(0.0333, 0.0439]"
0.04258,36.5106,0.426487,-0.010656,1,36.374100381958534,0.13649961804146216,-0.00045373248,"(0.0333, 0.0439]"
0.04268,36.2931,0.151018,-0.125206,1,36.37935224067812,-0.08625224067811388,-0.0053437920800000005,"(0.0333, 0.0439]"
0.04285,36.2521,0.175538,-0.049623,1,36.38825301934361,-0.13615301934360957,-0.00212634555,"(0.0333, 0.0439]"
0.04285,36.2071,0.166515,-0.050188,1,36.38825301934361,-0.18115301934361128,-0.0021505558,"(0.0333, 0.0439]"
0.04289,36.2018,0.162522,-0.07832,1,36.390342333402316,-0.1885423334023173,-0.0033591448,"(0.0333, 0.0439]"
0.04369,36.2594,0.177777,-0.070549,1,36.43173583854157,-0.17233583854157075,-0.00308228581,"(0.0333, 0.0439]"
0.04408,36.3298,0.181208,-0.044881,1,36.45164897505545,-0.12184897505544967,-0.00197835448,"(0.0439, 0.079]"
0.04438,36.5469,0.231201,0.054703,1,36.4668507067586,0.08004929324140164,0.0024277191400000004,"(0.0439, 0.079]"
0.04439,36.2916,0.249078,0.06224,1,36.4673557112407,-0.1757557112406971,0.0027628336,"(0.0439, 0.079]"
0.0444,36.551,0.270525,0.023653,1,36.46786060529345,0.0831393947065493,0.0010501932000000001,"(0.0439, 0.079]"
0.04545,36.4541,0.196266,0.035848,1,36.520269624129256,-0.06616962412925886,0.0016292915999999997,"(0.0439, 0.079]"
0.04575,36.4634,0.173532,-0.026552,1,36.53502791062233,-0.07162791062233254,-0.001214754,"(0.0439, 0.079]"
0.04575,36.5139,0.151933,-0.058108,1,36.53502791062233,-0.02112791062233299,-0.002658441,"(0.0439, 0.079]"
0.04625,36.2636,0.218105,-0.011597,1,36.55941770154105,-0.29581770154105413,-0.0005363612499999999,"(0.0439, 0.079]"
0.04643,36.3247,0.195021,0.0596,1,36.5681354700981,-0.24343547009809896,0.002767228,"(0.0439, 0.079]"
0.04656,36.5081,0.209562,-0.028343,1,36.57441127866489,-0.06631127866489095,-0.00131965008,"(0.0439, 0.079]"
0.04682,36.4786,0.148197,-0.116433,1,36.586912089155895,-0.10831208915589485,-0.0054513930599999995,"(0.0439, 0.079]"
0.04682,36.4857,0.182928,-0.143532,1,36.586912089155895,-0.10121208915589364,-0.006720168239999999,"(0.0439, 0.079]"
0.04691,36.7582,0.280677,0.15152,1,36.59122361726704,0.16697638273296178,0.007107803199999999,"(0.0439, 0.079]"
0.0476,36.6009,0.161688,-0.002868,1,36.6240147484973,-0.02311474849729933,-0.0001365168,"(0.0439, 0.079]"
0.04777,36.5946,0.145385,-0.060972,1,36.632022982322255,-0.03742298232225494,-0.00291263244,"(0.0439, 0.079]"
0.04777,36.5627,0.208806,-0.060006,1,36.632022982322255,-0.0693229823222552,-0.00286648662,"(0.0439, 0.079]"
0.04837,36.3735,0.154741,-0.058198,1,36.66006830334619,-0.28656830334619343,-0.00281503726,"(0.0439, 0.079]"
0.0486,36.3303,0.135835,-0.061435,1,36.67072974734844,-0.3404297473484377,-0.0029857409999999997,"(0.0439, 0.079]"
0.0494,36.4691,0.176995,-0.040141,1,36.70743624466363,-0.23833624466363545,-0.0019829654000000003,"(0.0439, 0.079]"
0.04944,36.5828,0.168097,-0.006857,1,36.70925642731986,-0.12645642731985873,-0.00033901008,"(0.0439, 0.079]"
0.04989,36.4714,0.18553,0.00342,1,36.729635826713945,-0.25823582671394263,0.00017062379999999998,"(0.0439, 0.079]"
0.05023,36.8583,0.163226,-0.094383,1,36.7449159485591,0.11338405144090302,-0.004740858089999999,"(0.0439, 0.079]"
0.05032,36.5403,0.453411,0.11931,1,36.748943933721165,-0.20864393372116297,0.0060036792,"(0.0439, 0.079]"
0.05106,36.8804,0.16836,-0.114949,1,36.781801109551914,0.09859889044808767,-0.00586929594,"(0.0439, 0.079]"
0.05151,36.5862,0.156832,-0.078777,1,36.801557348515715,-0.21535734851571675,-0.00405780327,"(0.0439, 0.079]"
0.05202,36.8679,0.208308,0.099567,1,36.82374700021276,0.044152999787236524,0.00517947534,"(0.0439, 0.079]"
0.05222,36.8411,0.218249,0.077106,1,36.83239146250093,0.008708537499067859,0.00402647532,"(0.0439, 0.079]"
0.05262,36.9144,0.207509,-0.030061,1,36.84958480174901,0.06481519825099014,-0.00158180982,"(0.0439, 0.079]"
0.05316,36.8474,0.172204,-0.10615,1,36.872596541144624,-0.025196541144623552,-0.005642934,"(0.0439, 0.079]"
0.05346,36.8631,0.133817,-0.139525,1,36.88528344442815,-0.022183444428144128,-0.0074590065,"(0.0439, 0.079]"
0.05469,36.8581,0.149593,-0.131506,1,36.93659084453302,-0.07849084453302169,-0.007192063140000001,"(0.0439, 0.079]"
0.05541,36.8676,0.194374,-0.026126,1,36.96610994809798,-0.09850994809797697,-0.0014476416600000001,"(0.0439, 0.079]"
0.05693,37.0393,0.176308,0.031526,1,37.027231463534946,0.012068536465051238,0.00179477518,"(0.0439, 0.079]"
0.05708,36.9903,0.171451,-0.02589,1,37.033177620995346,-0.04287762099534831,-0.0014778012,"(0.0439, 0.079]"
0.05728,37.0687,0.221323,0.10104,1,37.04108243954973,0.027617560450266865,0.0057875712,"(0.0439, 0.079]"
0.0583,36.9545,0.182842,-0.099359,1,37.080987709745365,-0.12648770974536205,-0.0057926297,"(0.0439, 0.079]"
0.05886,36.9802,0.215566,-0.055128,1,37.102611341055834,-0.12241134105583029,-0.0032448340800000004,"(0.0439, 0.079]"
0.06099,37.1631,0.123921,-0.136015,1,37.18308738254465,-0.019987382544648824,-0.00829555485,"(0.0439, 0.079]"
0.06099,37.1925,0.16057,-0.137115,1,37.18308738254465,0.009412617455353711,-0.00836264385,"(0.0439, 0.079]"
0.06153,37.0747,0.183316,-0.016435,1,37.2030597968713,-0.12835979687130106,-0.0010112455500000002,"(0.0439, 0.079]"
0.06372,37.3517,0.206518,-0.046839,1,37.282367635917694,0.0693323640823067,-0.0029845810799999997,"(0.0439, 0.079]"
0.06533,37.0851,0.153034,-0.012542,1,37.33901811291435,-0.25391811291435573,-0.0008193688599999999,"(0.0439, 0.079]"
0.06627,37.3617,0.203312,-0.020643,1,37.3714768287292,-0.00977682872920127,-0.00136801161,"(0.0439, 0.079]"
0.06654,37.1627,0.296189,0.11238,1,37.38071839940281,-0.21801839940280843,0.0074777652,"(0.0439, 0.079]"
0.06711,37.4237,0.194412,-0.114194,1,37.4001107946616,0.02358920533839637,-0.007663559340000001,"(0.0439, 0.079]"
0.07023,37.2944,0.277681,0.034078,1,37.50353846534203,-0.20913846534202918,0.0023932979399999997,"(0.0439, 0.079]"
0.07056,37.2961,0.226908,0.060506,1,37.51421920125159,-0.21811920125158935,0.00426930336,"(0.0439, 0.079]"
0.07056,37.2775,0.212322,0.060985,1,37.51421920125159,-0.23671920125158863,0.0043031015999999995,"(0.0439, 0.079]"
0.07158,37.2494,0.16107,-0.081314,1,37.54693253057706,-0.2975325305770582,-0.00582045612,"(0.0439, 0.079]"
0.07393,37.5535,0.176502,-0.087634,1,37.62063482265816,-0.0671348226581614,-0.0064787816199999996,"(0.0439, 0.079]"
0.07446,37.4501,0.192118,-0.096392,1,37.63694706806598,-0.18684706806597973,-0.0071773483200000005,"(0.0439, 0.079]"
0.0752,37.5656,0.154994,-0.025823,1,37.659537939244345,-0.09393793924434135,-0.0019418896,"(0.0439, 0.079]"
0.07588,37.6342,0.198325,-0.021726,1,37.68011057987667,-0.04591057987666858,-0.00164856888,"(0.0439, 0.079]"
0.07875,38.0942,0.180119,0.090692,1,37.765042905263144,0.32915709473685695,0.007141995,"(0.0439, 0.079]"
0.07895,37.5988,0.503338,0.09678,1,37.77085088093524,-0.17205088093524523,0.007640781000000001,"(0.0439, 0.079]"
0.07906,37.7843,0.238199,0.10798,1,37.77403928666773,0.010260713332272076,0.008536898800000001,"(0.079, 0.149]"
0.07931,37.53,0.147217,-0.017322,1,37.781269951976725,-0.25126995197672386,-0.00137380782,"(0.079, 0.149]"
0.07991,37.6003,0.157805,-0.071956,1,37.798535228497094,-0.19823522849709718,-0.00575000396,"(0.079, 0.149]"
0.08009,37.6668,0.119289,-0.074453,1,37.80369070511692,-0.1368907051169188,-0.00596294077,"(0.079, 0.149]"
0.08167,37.7215,0.219648,0.027176,1,37.848476075446804,-0.12697607544680523,0.00221946392,"(0.079, 0.149]"
0.0841,37.9686,0.221594,0.13583,1,37.91576876474892,0.0528312352510838,0.011423303,"(0.079, 0.149]"
0.08572,37.8406,0.128563,-0.039793,1,37.959609627219876,-0.1190096272198744,-0.00341105596,"(0.079, 0.149]"
0.08704,37.8484,0.21681,0.0535,1,37.99475285048765,-0.14635285048765212,0.00465664,"(0.079, 0.149]"
0.0887,37.7772,0.253181,0.055246,1,38.03823569580534,-0.26103569580534014,0.004900320200000001,"(0.079, 0.149]"
0.09039,37.9202,0.21704,0.01867,1,38.08171717596448,-0.16151717596447668,0.0016875813,"(0.079, 0.149]"
0.09089,38.0269,0.167553,-0.101902,1,38.0944335613878,-0.06753356138780475,-0.009261872780000001,"(0.079, 0.149]"
0.09205,38.1602,0.266341,0.072885,1,38.1236816893891,0.036518310610901494,0.0067090642500000006,"(0.079, 0.149]"
0.09293,38.2226,0.493293,0.11392,1,38.145637534018235,0.07696246598176515,0.010586585599999998,"(0.079, 0.149]"
0.10165,38.2982,0.165557,-0.023302,1,38.35314134920247,-0.05494134920246552,-0.0023686483,"(0.079, 0.149]"
0.10221,38.4085,0.187412,0.003738,1,38.365884602807895,0.04261539719210106,0.00038206097999999997,"(0.079, 0.149]"
0.10246,38.2511,0.199553,0.017158,1,38.37155225919286,-0.1204522591928594,0.0017580086799999998,"(0.079, 0.149]"
0.10661,38.2611,0.195537,-0.002417,1,38.46377469620506,-0.20267469620505807,-0.00025767636999999996,"(0.079, 0.149]"
0.10707,38.4624,0.151122,-0.000837,1,38.47378738796806,-0.011387387968056828,-8.961758999999999e-05,"(0.079, 0.149]"
0.10774,38.4984,0.180059,0.035552,1,38.488298710920546,0.010101289079450737,0.00383037248,"(0.079, 0.149]"
0.10794,38.4017,0.187108,0.00565,1,38.49261394995928,-0.0909139499592797,0.000609861,"(0.079, 0.149]"
0.11001,38.5701,0.179741,0.036283,1,38.536839017261315,0.03326098273868183,0.00399149283,"(0.079, 0.149]"
0.11259,38.6214,0.163201,-0.037948,1,38.590874777038636,0.030525222961365728,-0.00427256532,"(0.079, 0.149]"
0.11388,38.3876,0.194923,0.064074,1,38.617456692779115,-0.2298566927791157,0.0072967471200000005,"(0.079, 0.149]"
0.1165,38.5408,0.159897,-0.062751,1,38.67058336542878,-0.12978336542878566,-0.0073104915,"(0.079, 0.149]"
0.11653,38.6302,0.185742,-0.014134,1,38.67118515098457,-0.04098515098456801,-0.00164703502,"(0.079, 0.149]"
0.1176,38.5727,0.239635,0.041592,1,38.6925541098487,-0.1198541098487027,0.0048912192,"(0.079, 0.149]"
0.12086,38.6348,0.302627,-0.099903,1,38.756550730761454,-0.12175073076145537,-0.01207427658,"(0.079, 0.149]"
0.12207,38.5945,0.157915,-0.130952,1,38.77989202974816,-0.18539202974816504,-0.01598531064,"(0.079, 0.149]"
0.12357,38.6164,0.162163,-0.036819,1,38.80852777073878,-0.19212777073877874,-0.00454972383,"(0.079, 0.149]"
0.12393,38.6504,0.145797,-0.000358,1,38.81535178083591,-0.16495178083591355,-4.436693999999999e-05,"(0.079, 0.149]"
0.12405,38.835,0.221531,-0.022316,1,38.81762231699563,0.01737768300436926,-0.0027682998,"(0.079, 0.149]"
0.12472,38.7616,0.12587,-0.070705,1,38.830261721167005,-0.06866172116700398,-0.0088183276,"(0.079, 0.149]"
0.12623,38.4956,0.293348,0.10938,1,38.85851556037383,-0.3629155603738283,0.013807037400000001,"(0.079, 0.149]"
0.1271,38.6849,0.280884,0.073211,1,38.874650656873975,-0.18975065687397574,0.009305118099999999,"(0.079, 0.149]"
0.1272,38.7429,0.159508,-0.053521,1,38.87649862482673,-0.1335986248267318,-0.0068078712,"(0.079, 0.149]"
0.12732,38.7841,0.176913,-0.022638,1,38.87871438916095,-0.09461438916094522,-0.0028822701599999995,"(0.079, 0.149]"
0.13372,38.8434,0.157696,-0.059426,1,38.994141527366395,-0.15074152736639235,-0.007946444720000001,"(0.079, 0.149]"
0.13535,39.0775,0.31333,0.13004,1,39.02271225609324,0.05478774390675767,0.017600914,"(0.079, 0.149]"
0.13614,38.9771,0.206627,-0.111842,1,39.0364437943291,-0.059343794329102195,-0.015226169880000001,"(0.079, 0.149]"
0.13658,38.8475,0.195569,0.061157,1,39.04405945996591,-0.1965594599659113,0.00835282306,"(0.079, 0.149]"
0.137,39.0095,0.224296,0.098699,1,39.051307586159865,-0.04180758615986235,0.013521763000000001,"(0.079, 0.149]"
0.13713,38.9616,0.259136,0.063535,1,39.053546843107334,-0.09194684310733692,0.00871255455,"(0.079, 0.149]"
0.13822,38.8857,0.128482,-0.091214,1,39.072244450614576,-0.18654445061457636,-0.012607599080000002,"(0.079, 0.149]"
0.13826,38.9503,0.15974,-0.072561,1,39.07292797613342,-0.12262797613342258,-0.01003228386,"(0.079, 0.149]"
0.1384,39.0229,0.12425,-0.06629,1,39.07531886066675,-0.052418860666747946,-0.009174536,"(0.079, 0.149]"
0.13851,39.0401,0.319084,0.14895,1,39.07719582742432,-0.037095827424316496,0.020631064499999997,"(0.079, 0.149]"
0.13955,39.0213,0.145767,-0.037598,1,39.094873165138864,-0.07357316513886758,-0.0052468009,"(0.079, 0.149]"
0.14082,39.1775,0.184019,0.038687,1,39.1162937200714,0.061206279928605056,0.00544790334,"(0.079, 0.149]"
0.14123,39.0407,0.212429,-0.005584,1,39.12317049188516,-0.08247049188516087,-0.00078862832,"(0.079, 0.149]"
0.14325,39.047,0.160602,-0.045749,1,39.15678130791949,-0.1097813079194907,-0.0065535442499999996,"(0.079, 0.149]"
0.14404,39.0756,0.170594,0.038584,1,39.1698058851523,-0.09420588515229866,0.00555763936,"(0.079, 0.149]"
0.14423,39.016,0.24096,-8e-06,1,39.17292843044933,-0.1569284304493337,-1.15384e-06,"(0.079, 0.149]"
0.14747,38.9672,0.171803,-0.021491,1,39.22559353069702,-0.2583935306970204,-0.00316927777,"(0.079, 0.149]"
0.14771,39.134,0.188785,0.041117,1,39.22945158784278,-0.0954515878427813,0.00607339207,"(0.079, 0.149]"
0.14778,39.161,0.170177,0.035097,1,39.23057575337084,-0.06957575337084165,0.005186634660000001,"(0.079, 0.149]"
0.14898,39.1606,0.17494,-0.022762,1,39.24977034425066,-0.08917034425066106,-0.00339108276,"(0.079, 0.149]"
