z,slope_norm
0.014229750000000001,0.057454044212776716
0.0142895,0.05338691550269505
0.014349166666666665,0.03729342988259971
0.014408916666666665,0.04069442461647977
0.014468166666666667,0.05478071529832765
0.014527416666666666,0.07100274122548464
0.014587,0.04922528696197099
0.01464575,0.031706658863703906
0.014704333333333335,0.027445960132559385
0.014761916666666668,0.04556489821430535
0.014821499999999998,0.05169588712041906
0.014880250000000001,0.06108777358017783
0.014938499999999999,0.08122674174731268
0.01499725,0.12264535963688152
0.015054583333333333,0.1191862690978931
0.015110916666666667,0.12814733238043166
0.01516825,0.13373846281850876
0.015225416666666667,0.12050936826436517
0.015284083333333334,0.0693476454435121
0.01534275,0.05887998082273167
0.015399749999999999,0.04622609024344759
0.01545475,0.04209973994168113
0.015508250000000001,0.053140610142223224
0.015562,0.04947255987320218
0.015614666666666666,0.049130294756238334
0.015666333333333334,0.049279024967624444
0.01571775,0.029995038417806357
0.015769166666666667,0.0062987069097411065
0.015823,0.0002311451433800575
0.015880333333333333,0.03006456878484709
0.015936000000000002,0.031395245737149656
0.01599366666666667,0.030688460863541888
0.016051333333333334,0.017202930180868752
0.016107416666666666,0.012447095017276486
0.016165083333333333,0.0029719274109023764
0.016223166666666667,6.535246777005223e-05
0.016281666666666667,0.005620734447361823
0.016340583333333332,0.006560447442494057
0.0163995,0.01227715371258662
0.016457666666666666,0.01054001133168486
0.016515833333333334,0.0076744155291964735
0.016574,0.0028817729588648533
0.016628,0.014872884386296241
0.016682083333333333,0.04404551395713203
0.016737000000000002,0.06409492084246604
0.016791833333333336,0.04211244147284621
0.01684591666666667,0.05693035562853006
0.016899833333333336,0.09904389109774199
0.016953666666666665,0.10194260980629326
0.01700825,0.11412642078216946
0.017061416666666666,0.05635035783069198
0.01711375,0.06189301045414798
0.01716491666666666,0.04776608361219844
0.017216083333333333,0.01965302070006138
0.017269333333333334,0.014567126047777542
0.017322666666666663,0.005811627234725525
0.017376,0.025357457960163653
0.017429666666666666,0.026238043728669478
0.0174835,0.02623196906274426
0.017537916666666663,0.003980624633401287
0.017592583333333335,0.004646715268228138
0.017647083333333334,0.02776279792509631
0.017701666666666668,0.07101277874790071
0.017756249999999998,0.1680570051100492
0.017811583333333332,0.15162414424817808
0.0178665,0.2186521457315846
0.017920416666666668,0.19944562345055195
0.017973916666666666,0.2423085987880788
0.018027583333333333,0.24860972274814885
0.018081916666666666,0.21700667342484736
0.01813641666666667,0.2107006168515834
0.018191000000000002,0.21444786767550875
0.018246333333333333,0.23424110115191846
0.018301166666666664,0.25067308672645705
0.018356833333333333,0.2306497239007234
0.018411499999999994,0.22188206309356617
0.0184665,0.23818600245774726
0.01852141666666667,0.2108191818787848
0.01857625,0.1935346771681294
0.018631666666666664,0.21608373715821183
0.018687416666666668,0.16080722380634943
0.01874391666666667,0.14760430755374512
0.018800416666666667,0.1514522208982491
0.018856583333333333,0.12657178309348097
0.018913000000000003,0.09168436790152236
0.018969,0.08775036914199354
0.019025166666666666,0.11137352993998542
0.019081333333333332,0.11968395162182327
0.019136583333333335,0.12051986502074706
0.01919175,0.09701731129540667
0.019246916666666666,0.07768628190280626
0.019301916666666665,0.038731981177337886
0.019358083333333335,0.03596555413894198
0.019414666666666667,0.02748303126884017
0.0194715,0.010863303451073539
0.019528416666666666,0.015719277584660147
0.019587166666666666,0.0075317207736011966
0.019645916666666666,0.00406240573629196
0.019703833333333334,0.0027427027609929107
0.019757666666666666,0.03690202489996396
0.01981191666666667,0.045714960152192015
0.019866166666666667,0.042509600650165395
0.019920833333333336,0.0944948111566043
0.019975333333333335,0.0709575220623696
0.020029916666666668,0.04582619767970579
0.020084416666666667,0.03833285295213237
0.020138833333333335,0.03429845099805409
0.020192916666666665,0.04162753772349886
0.020247916666666668,0.06943994659004642
0.020302916666666667,0.05233319295080915
0.02035725,0.03992904737570085
0.020411666666666665,0.004422519289614447
0.02046591666666667,0.0012439071213755967
0.02051975,0.013028162027712358
0.020574166666666668,0.02505522883847001
0.02062825,0.01973539176103865
0.0206815,0.055753835021806586
0.02073475,0.08035481844746666
0.020787833333333332,0.07654882822748874
0.02084075,0.06752275409248631
0.020894,0.04575812597659994
0.02094858333333333,0.03954333404640323
0.02100333333333333,0.047013971712276045
0.021058,0.04343726855365997
0.0211125,0.04860854623076026
0.021167833333333334,0.06467990626794981
0.021223500000000003,0.023750374615730274
0.021278833333333334,0.0004131085118632849
0.02133425,0.026559771950929803
0.021389666666666664,0.02782909660283163
0.021443083333333335,0.03135164229476151
0.021497250000000002,0.04193059907920255
0.0215515,0.080859763072542
0.0216055,0.07290478427593693
0.0216595,0.0728038145355854
0.021712999999999996,0.07896281810439384
0.02176566666666667,0.08258496324376675
0.021819416666666664,0.10049269879407359
0.021871666666666668,0.0960065841106144
0.021923916666666664,0.07771765505274962
0.02197541666666666,0.10593026960928341
0.022025999999999997,0.11523135556089809
0.022076583333333333,0.12512210844873478
0.022126333333333328,0.12235056933306523
0.022176249999999998,0.11489655550379052
0.02222608333333333,0.11342790584822028
0.02227533333333333,0.11670759355053754
0.022326666666666665,0.12553111224078758
0.022375749999999996,0.13785459321900684
0.022422583333333336,0.13231045614474904
0.022469499999999996,0.1419692225520194
0.022514083333333334,0.14172526943643554
0.022558666666666664,0.1419981214398365
0.022603166666666667,0.13177813133937505
0.02264625,0.12135200681421336
0.022688916666666666,0.1358511303537498
0.022731499999999998,0.15482551758069696
0.022772999999999998,0.1504231255826121
0.0228145,0.16694895614640215
0.022855833333333336,0.1788331426138607
0.022897166666666666,0.18549352174047273
0.02293866666666667,0.19435455282778802
0.022980500000000004,0.179042649107205
0.02302225,0.17861343407020047
0.023063916666666667,0.18469078317235965
0.023105583333333336,0.18179489092857995
0.023149,0.18698064886089044
0.0231925,0.20619664945629715
0.02323833333333333,0.221557667070487
0.023283916666666668,0.2397181275665634
0.0233295,0.2744023130203476
0.023375,0.2628487231902651
0.023420166666666666,0.25364331017362174
0.02346533333333333,0.25761379257106104
0.023508416666666667,0.24386988705420626
0.023553750000000002,0.20074526571988738
0.02359908333333333,0.14396596462453712
0.02364425,0.13199844974083305
0.023692,0.14285172120358236
0.023740749999999998,0.13932159909325273
0.023788666666666666,0.15447594892886374
0.023836916666666666,0.16116124662777215
0.0238865,0.17136174968371637
0.023936166666666668,0.1809092438595097
0.023986083333333335,0.1900593842421202
0.024036083333333336,0.1993278965145848
0.02408608333333333,0.19658266207612346
0.024135833333333336,0.1813372141821781
0.024185333333333333,0.17254657884992616
0.02423408333333333,0.19793505130200822
0.024282999999999996,0.13479911739773506
0.024330583333333333,0.13559522124497417
0.02437766666666667,0.12854578237004005
0.02442475,0.1224671486293985
0.024470666666666665,0.13298619015222793
0.024518583333333333,0.1044140029193245
0.02456858333333333,0.01366244855378873
0.024618583333333333,0.024370537921985555
0.02466883333333333,0.011763941732811827
0.024718916666666663,0.02604942961515222
0.024768916666666665,0.03746436071757981
0.024818249999999997,0.036194441391110145
0.024867833333333332,0.039849741029324176
0.024917166666666664,0.04560967699517936
0.02496625,0.06822895578627489
0.025016166666666666,0.07978183680800638
0.02506683333333333,0.09063623785381884
0.025117249999999997,0.09108739730201472
0.02516808333333333,0.09300574236999289
0.025218833333333333,0.1020464447010776
0.025269583333333335,0.10111282737067595
0.02532025,0.11089056025844529
0.02536975,0.09236644394414407
0.025419,0.07754431171997349
0.025468,0.08177513640250511
0.025517416666666667,0.04122440593501927
0.025565,0.042881452925502106
0.025613166666666666,0.06110206418079421
0.025662333333333336,0.04847356805087335
0.025712333333333334,0.016078542244048984
0.02576225,0.02076268816047408
0.02581275,0.009431159440089406
0.02586291666666667,0.029866384003700508
0.025913000000000002,0.03889783127713622
0.025962833333333334,0.05641147833844252
0.026013916666666668,0.011926775133610153
0.0260645,0.012335984025527285
0.026115583333333338,0.010388242072529105
0.026166000000000002,0.00042623954797842796
0.026216583333333335,0.002547017883875737
0.026267250000000002,0.00974943273580168
0.02631808333333334,0.008474006512873423
0.026369166666666666,0.003136197980344525
0.026421250000000004,0.0011623836967613874
0.026473416666666662,0.015745638638870883
0.026525416666666673,0.03219625507829559
0.026578166666666667,0.038993093434013415
0.02663141666666667,0.04075614481393293
0.026686,0.025524272410844397
0.026739916666666665,0.004481658435596468
0.0267935,0.008884784368464144
0.026846416666666664,0.02102719825259772
0.026899833333333335,0.00795412489609167
0.026953666666666667,0.0005371346235131692
0.027008333333333336,0.00996258506801711
0.02706316666666667,0.014692039543601335
0.0271185,0.04992888484714855
0.027173916666666666,0.056963974269948904
0.027229833333333335,0.06324288200366515
0.027285583333333332,0.05714568985095303
0.02734175,0.04588221557261017
0.027397416666666667,0.014894823855806118
0.027454,0.022355609892164265
0.027510333333333335,0.0705787618617215
0.027566666666666666,0.07926480980510199
0.027623166666666664,0.07478244069309455
0.027679833333333334,0.07553728975716488
0.027734916666666665,0.07271224014628719
0.027790166666666664,0.061107243180555666
0.0278455,0.0569164536571961
0.027900583333333333,0.04628172982141723
0.027955416666666667,0.03102930008114946
0.02801025,0.004680892201449123
0.028065083333333334,0.008937075340991025
0.028119833333333333,0.011233007436585405
0.028174583333333333,3.0953982369277696e-06
0.02822916666666667,0.03069940275788049
0.028282583333333333,0.05809994583776895
0.028336666666666666,0.052304028460400526
0.028389499999999998,0.04449640928418826
0.02844258333333333,0.005301072056634697
0.028495749999999997,0.016141296223114145
0.028548916666666663,0.029701235928242222
0.02860325,0.023806489400360887
0.028657416666666664,0.0230039069404524
0.028711833333333332,0.004710156184740374
0.02876808333333333,0.011361761036839911
0.028825083333333335,0.004560609590807149
0.028884999999999997,0.004318780501450088
0.028946333333333334,0.016618501125364993
0.029008083333333334,0.0005105297996755369
0.029069666666666667,0.006998608518858888
0.02913125,0.03981215658364676
0.029192833333333335,0.03203180895907686
0.029253666666666667,0.014941657195646591
0.029315166666666666,0.0013572816649972588
0.029374833333333336,0.007202894062199922
0.029434416666666668,0.0005681821264641106
0.029492499999999998,0.05002968378117238
0.029550666666666666,0.014918925689853573
0.0296085,0.005523307655110542
0.0296665,0.035567458037257645
0.029724666666666667,0.07122953322624569
0.029782833333333335,0.06707074095158548
0.029841166666666665,0.05525653928467399
0.02990008333333333,0.05719800208098233
0.029959000000000003,0.058205864605253316
0.030017583333333334,0.09311356661828682
0.03007358333333333,0.07477986098545561
0.030127750000000002,0.058830634278149975
0.03018441666666667,0.048169345484711
0.03024091666666667,0.06189017588266939
0.030296083333333335,0.06857087196323913
0.03035141666666667,0.07883865349223021
0.030406666666666672,0.07751874788400508
0.03046266666666667,0.07984336203352242
0.03052075,0.08950091127449039
0.030578833333333333,0.10925612817053165
0.030637666666666667,0.11970505844328642
0.030696416666666667,0.12854504339320494
0.030755666666666667,0.168211331469009
0.0308155,0.16767023120813052
0.030876416666666667,0.15311088347990826
0.030938333333333335,0.13103055051618248
0.031002,0.1053994775095727
0.031063833333333336,0.1142108186809141
0.03112325,0.08942683065876396
0.031182500000000002,0.06471855614063954
0.031241833333333333,0.07864944179731982
0.031301249999999996,0.06522047755614123
0.03136225,0.08185901897317562
0.03142458333333333,0.05600093368207052
0.03148733333333333,0.06537512846278766
0.03155008333333333,0.07905366507445563
0.031613416666666665,0.08109372526817289
0.031676083333333334,0.0756559243314177
0.031739,0.05186494222568023
0.031803333333333336,0.038450458251127896
0.03186791666666667,0.01339352087021222
0.03193341666666667,0.0004254472553742126
0.032002833333333335,0.01631098168679219
0.032072250000000004,0.0316759656106071
0.03214291666666667,0.015429994145545646
0.03221333333333334,0.0018699275804880018
0.03228366666666667,0.01395101281795697
0.03235333333333333,0.012389830995506489
0.032423,0.03385937905745772
0.03249233333333333,0.042307576225189145
0.03256058333333333,0.05036490114753394
0.0326295,0.05796869152251832
0.032698083333333336,0.06526787001543803
0.032766166666666666,0.06847474841751944
0.03283491666666667,0.059201595226093036
0.032904583333333334,0.06344658616343207
0.032974333333333335,0.04030693918573939
0.033042499999999995,0.04297424374398482
0.03311325,0.050400767642181814
0.03318375,0.04668916424477665
0.0332545,0.04159039975633024
0.033326916666666664,0.0365040718035877
0.03339925,0.045870382303245166
0.033472166666666664,0.029944185678673386
0.03354533333333334,0.028447912389625508
0.033618499999999996,0.053621770164690725
0.033691000000000006,0.0244228579998272
0.033765583333333335,0.004946863349239259
0.03384008333333333,0.001420806979478572
0.03391558333333333,0.005758834856155905
0.03399033333333333,0.010486896772410272
0.034065166666666674,0.010086913296155976
0.03414866666666667,0.013102504526868886
0.034233,0.010845307339953082
0.034318416666666664,0.004895227401140451
0.03440341666666667,0.015085985725949696
0.03448925,0.011719224204572274
0.03457508333333334,0.03013374682425735
0.034660083333333334,0.03481511174046478
0.03474533333333333,0.03350961751919013
0.03483016666666667,0.03839759570097634
0.03492025,0.008129196924527692
0.0350145,0.02409823675841786
0.03511133333333334,0.042768376470223204
0.035208,0.014228832844321797
0.035304666666666665,0.015341307496413282
0.035402750000000004,0.006065516650258461
0.035500666666666666,0.0031125991884116827
0.03559858333333333,0.007237968427227667
0.03569791666666666,0.0024372340036990185
0.03580066666666667,0.02607689822440751
0.03590333333333333,0.020944272898767262
0.036005916666666665,0.032372767464051384
0.036109999999999996,0.04712597937746257
0.03621733333333333,0.06476081538183533
0.03632716666666667,0.060725588317898864
0.036437000000000004,0.04692288916666188
0.03654691666666667,0.037318738574042526
0.036658833333333335,0.014705788142671405
0.036771750000000006,0.0188162274676634
0.03688658333333334,0.06395528747781834
0.037003416666666664,0.0559453504453027
0.03712241666666667,0.04944724401637785
0.037241333333333335,0.03361943930028697
0.03736091666666667,0.019274322185611356
0.037479916666666675,0.030383877896286864
0.037601833333333334,0.03282316707905755
0.03772391666666667,0.006514475321440105
0.037844833333333334,0.005970123551451081
0.03796608333333333,0.01767073672382671
0.03808508333333334,0.010672721651607793
0.03820400000000001,0.03899188683202984
0.0383225,0.050113736281850466
0.038441750000000004,0.0015001320093941846
0.03856458333333333,0.00818535959657099
0.038689249999999994,0.031229958122994537
0.038815333333333334,0.018445779921761205
0.03894074999999999,0.003904553891477359
0.03906966666666666,0.006410281947262337
0.03920008333333333,0.014334586171592173
0.03933158333333333,0.021808661976726484
0.03946291666666667,0.039975897017236015
0.039599916666666665,0.06057521287339719
0.03973708333333333,0.03262585206344215
0.03987441666666666,0.026358761994922975
0.040015166666666664,0.012637396885014113
0.040156083333333335,0.04222759631171772
0.0402965,0.08778021207018216
0.04043733333333333,0.132711225143204
0.04057875,0.10827667987369316
0.04072066666666667,0.1146665831079433
0.040863,0.14179587240771388
0.041003083333333336,0.16112135721847878
0.04114416666666666,0.1018091098806594
0.041288416666666675,0.12523497522091367
0.04143408333333333,0.11157542795408536
0.04158058333333334,0.11730874597750575
0.041729833333333334,0.11267756397455266
0.04187766666666667,0.08448651737312902
0.04202550000000001,0.04784620867391863
0.042174249999999996,0.01620137259064367
0.042326,0.02433390402482025
0.04248083333333333,0.038502336157322195
0.04263558333333333,0.01493674279681851
0.04279116666666667,0.0018361234526362725
0.04295591666666667,0.007364418475881137
0.043119,0.04631091324280733
0.04328458333333333,0.05870785197394363
0.04345333333333333,0.1014480577654116
0.04362816666666667,0.11895888174545372
0.04380574999999999,0.07350929763599064
0.04398608333333333,0.06647899358968146
0.04416583333333333,0.03459916025932848
0.04434583333333333,0.0011733700004946898
0.044533166666666665,0.012059485160768747
0.04472049999999999,0.022258801266984103
0.044907749999999996,0.010427396849216687
0.045099499999999994,0.00465674177113117
0.04529008333333333,0.05079176092523819
0.04548658333333333,0.06962434504629172
0.04569225,0.10027883057190894
0.04589758333333333,0.1442832809113719
0.046098999999999994,0.19761037060391917
0.046302249999999996,0.26258617549717195
0.04650558333333333,0.28181285294375913
0.0467085,0.21736346468519088
0.04691274999999999,0.16529668058102434
0.04713524999999999,0.1688702026723124
0.04735875,0.15241607643818894
0.04758716666666666,0.20846222078466725
0.04782266666666666,0.20941573544793834
0.048064499999999996,0.21166976554546382
0.04830858333333333,0.1608136765256182
0.04855699999999999,0.1866828064038784
0.04880575,0.1950557277225713
0.0490585,0.22630450256279594
0.04931583333333333,0.28069949306631764
0.049576666666666665,0.3195173808543802
0.04983583333333333,0.31013379992183526
0.05010525,0.27722121835544056
0.05037691666666667,0.2432740589033737
0.05064675,0.22789305388864023
0.050918,0.29038863059490666
0.05118924999999999,0.2123766231667915
0.0514605,0.16503432513694133
0.05173075,0.10364061335635677
0.052001,0.10541529120651973
0.05227125,0.1398767105921581
0.05254408333333333,0.1296308926467338
0.052816166666666664,0.09506314297350814
0.05308983333333333,0.10978899172641061
0.05336583333333333,0.08649113199369181
0.05363566666666666,0.14786974887635432
0.05391549999999999,0.1665745663747145
0.054197499999999996,0.17876956099692876
0.054479999999999994,0.22878754694988854
0.054766916666666665,0.21815662030242033
0.05505283333333333,0.21779109717889464
0.055341583333333326,0.2584079461065531
0.05563125,0.2901509237449976
0.05592183333333333,0.3024791197910938
0.05622833333333333,0.2857221626874318
0.05653141666666666,0.3597457084128243
0.05683283333333333,0.2609308330815756
0.057133416666666666,0.214607013075422
0.05743566666666666,0.08179108582663758
0.057737416666666666,0.02702228459620384
0.05804125,0.0327042389086712
0.05834975,0.06761290321936399
0.05865833333333333,0.07589582389185412
0.0589765,0.08405508821281617
0.05930116666666666,0.04111921639766459
0.05962891666666668,0.026571924991412792
0.05995725,0.011706436884951349
0.06029075,0.054808381286066056
0.06063525,0.06567612297955998
0.060990666666666665,0.1268947315469842
0.06135983333333333,0.1650327479131238
0.06174108333333333,0.21514103561897174
0.06212458333333334,0.186897040419281
0.06251491666666667,0.28656516953447314
0.06291058333333334,0.37844660012664594
0.0633585,0.3992757830698328
0.06382433333333333,0.3888399350594116
0.06429416666666667,0.3640633286610747
0.0647655,0.41300614798818686
0.06523791666666666,0.4493765036788457
0.06571541666666667,0.3849925052451666
0.066193,0.4623368103326827
0.06668058333333333,0.4576404018108401
0.06718033333333334,0.5085500206921796
0.06768241666666668,0.48777899252033247
0.06818483333333332,0.4610452695611308
0.06868666666666666,0.48629774510927576
0.06918966666666666,0.5456840118811771
0.06969249999999999,0.5686873917875136
0.07020341666666668,0.5070234907406183
0.07072208333333334,0.5272682099185987
0.07125875,0.48272231847263125
0.07180466666666667,0.5038208622052106
0.07237050000000002,0.451143254299224
0.07293616666666666,0.44208872315758213
0.073505,0.45538456622742807
0.074076,0.4985338363730486
0.07464883333333333,0.4553705713012568
0.07522516666666666,0.5387494855693186
0.07581058333333333,0.5643343309304086
0.07639725000000001,0.6141138083413943
0.07698583333333334,0.5365471484977706
0.07758375,0.5495724752561895
0.07818266666666668,0.6126673823295575
0.07878508333333333,0.5867688930697841
0.07939041666666667,0.6120287054779134
0.079998,0.6845286504701138
0.08060391666666668,0.7363642607211824
0.08120866666666667,0.687168501016751
0.08181216666666667,0.6615523844255927
0.08241308333333335,0.6203873598066699
0.08301891666666666,0.6984161229280923
0.08363208333333333,0.847946540634093
0.08424883333333333,0.9358941466600859
0.08486916666666668,0.9900151629091406
0.08548591666666666,1.0
0.08610291666666667,0.942630386785934
0.08671841666666666,0.8923858799470316
0.08733941666666666,0.8895596301041248
0.08796041666666668,0.8720612790885084
0.08858108333333332,0.8970312341204928
0.08919916666666668,0.8443199312111378
0.08982875,0.8032180166943165
0.09046441666666667,0.7215444299245487
0.09110383333333333,0.7725273332794463
0.0917425,0.7407771007842562
0.09238825,0.8110522875537587
0.09303083333333335,0.853735598715538
0.09368,0.7883776327044641
0.09433233333333334,0.7742301951691098
0.09498349999999998,0.7937129875872534
0.09563575,0.7845550820088278
0.09628333333333333,0.8805821580075864
0.0969275,0.7959963660731022
0.09757141666666667,0.7185869364753715
0.0982165,0.6406420449295759
0.09886066666666667,0.6288966088137916
0.09950550000000001,0.5981773305039488
0.10015075000000001,0.5546531391214722
0.10080091666666667,0.5321710155390382
0.10144341666666667,0.5349027519895276
0.10208675,0.4395179530183176
0.10272650000000001,0.3664241916281069
0.10335991666666669,0.389141944074521
0.10400141666666668,0.36087934987616893
0.10464233333333334,0.5445753760251296
0.10527966666666667,0.4796067729659956
0.10591958333333334,0.5011994657570448
0.10655600000000001,0.4508843051122286
0.10719750000000001,0.3768973489632324
0.10784350000000001,0.31650652387163153
0.10848975,0.288734473937665
0.10913258333333334,0.30129957959340825
0.10977350000000001,0.3286496766092587
0.11041641666666667,0.38067884447370465
0.1110585,0.3208857919107924
0.11170183333333335,0.41489560557325483
0.11234491666666667,0.4299976022141576
0.11299025,0.395126259212177
0.11364083333333334,0.4143892123778973
0.11429283333333334,0.32648603191587083
0.11495050000000001,0.26287464304601177
0.11561025000000001,0.22797325846642788
0.11627708333333334,0.14875724422744907
0.11694950000000001,0.15584005223361327
0.11762166666666667,0.016255200813501337
0.11828358333333334,0.024046634457397346
0.11894199999999998,0.031618432942535746
0.11960125,0.10564661971229959
0.12026716666666666,0.13798382605509352
0.12093433333333332,0.19027992666352553
0.121599,0.26118362698184394
0.12226783333333333,0.3435230384370673
0.12294141666666666,0.32516031137876644
0.123609,0.3474739998731678
0.12428083333333333,0.44525450063978944
0.12495216666666667,0.40775623237092595
0.12562491666666667,0.37839611822627667
0.12630066666666667,0.26730268992600437
0.12697583333333334,0.20298729874691596
0.12765266666666666,0.1926946132407917
0.12832516666666666,0.307353854633718
0.12899750000000001,0.3531843925662525
0.12966041666666667,0.32307309958760727
0.13032633333333335,0.2738271893617551
0.13100075,0.21422688240576934
0.131679,0.19252558472363898
0.13235075,0.1329862967144913
0.13301100000000002,0.1835551630736254
0.13366925,0.14152299637974572
0.13431391666666667,0.09650368447886318
0.134963,0.09640135990704533
0.13561591666666667,0.15473873358978535
0.1362630833333333,0.08948086140471148
0.13690883333333334,0.06846072351810686
0.13750666666666664,0.06437522845521096
0.13809033333333334,0.06459813556365566
0.13867658333333333,0.07120202756515155
0.13926191666666668,0.07728592072952935
0.13984549999999998,0.0343136652120724
0.14042633333333335,0.06917400047270207
0.14100966666666667,0.03509285331616866
0.14158225,0.05561070034810699
0.14214316666666665,0.010201186607005851
0.14270233333333332,0.03724498863187934
0.14326141666666667,0.04434928699135758
0.14382183333333334,0.07489910283594467
0.14437758333333334,0.049185573278448386
0.14493175,0.03890005659928056
0.14548091666666665,0.08785673568951498
0.14603633333333335,0.10225376955022378
0.1465741666666667,0.12835410440169784
0.14710325,0.11968363344702226
0.14761458333333335,0.11496565105301222
0.14812608333333335,0.14413934336532966
0.14863375,0.1371441333308376
0.14914283333333334,0.11647391344831748
0.14965058333333334,0.185966559732844
0.15015308333333335,0.14193825741491417
0.1506479166666667,0.12284527678340344
0.15114083333333336,0.08551286926109641
0.15163158333333335,0.09941133450610261
0.15211466666666668,0.09106339169404108
0.15259958333333337,0.08538755317819605
0.1530825,0.09495381265504274
0.15356266666666668,0.11037374366701001
0.15403975,0.12501433269452705
0.1545155,0.09967210299275645
0.15499125000000002,0.10933929698639984
0.15546900000000002,0.12320253511062237
0.15594658333333333,0.1295902331913823
0.15641933333333333,0.15047149743076
0.15689075,0.13470881649901428
0.15735791666666668,0.08431364186759556
0.15781833333333334,0.06268412064098858
0.15828016666666667,0.037473140742228045
0.15875016666666666,0.04212162361781852
0.1592204166666667,0.07080099197922458
0.15967616666666667,0.08195678190902946
0.16013291666666665,0.05117653576489869
0.16059191666666667,0.03650936696629693
0.16105033333333335,0.007981555918118739
0.16149325,0.025268755854630783
0.16192758333333332,0.037023969416822754
0.16235591666666668,0.024790847333912982
0.1627845,0.05501860259614903
0.16320491666666667,0.06030408424676876
0.16362091666666664,0.03941761411477807
0.164042,0.07255576177218993
0.16446449999999999,0.049214160347766135
0.16489025000000002,0.031350412266793054
0.165323,0.008049325822991055
0.16575325000000002,0.017226819024478243
0.16617883333333333,0.002467055058143197
0.16660408333333337,0.01776790957514238
0.16702975000000003,0.022989225244169412
0.16745483333333333,0.05013359431931021
0.1678815,0.05618083345569743
0.16831024999999997,0.03540335842869671
0.16873416666666669,0.05641927102936945
0.16914766666666664,0.04551424928389434
0.16959008333333334,0.03707563170013163
0.17003266666666667,0.0656887781793824
0.17048366666666667,0.17499491930508224
0.17091933333333334,0.15359936859656598
0.17135366666666668,0.17781857545149005
0.17178775000000002,0.17618939093235875
0.17222208333333333,0.1800452623686814
0.17265525,0.17585981573490692
0.173079,0.184755510126989
0.1734954166666667,0.22672320761042086
0.17391883333333336,0.20276712560783033
0.17433583333333333,0.20029685654221943
0.17475541666666666,0.19931871354138533
0.17517591666666668,0.21819590730979208
0.17559675,0.21381260794700416
0.17601825000000001,0.1838012222222291
0.17644083333333332,0.16749854088643315
0.17686116666666668,0.13288210079938878
0.17727866666666664,0.12800532261808228
0.17769641666666666,0.09268001147750103
0.17810566666666666,0.09544086236431669
0.17851283333333334,0.07568047604920398
0.17891966666666667,0.041468421456012226
0.17931899999999998,0.03909871887952845
0.17971641666666666,0.0012708504964181002
0.18011575,0.0027563443388492863
0.18052325,0.009575836101639668
0.18093091666666666,0.001329266405127876
0.18132825,0.008037496588070125
0.18172775,0.029351196935765045
0.18212716666666667,0.030798079236770654
0.18252133333333334,0.04952949834328438
0.18290991666666667,0.021805493946936646
0.18328708333333335,0.029224393384010946
0.1836660833333333,0.03991603068045917
0.18404541666666668,0.040094148695162105
0.18442666666666666,0.03248783808910995
0.1848065,0.04204136928538237
0.18519675,0.06491818252388379
0.185588,0.1620505286891723
0.18597883333333332,0.12842616859006661
0.18637575,0.13805982556417773
0.18677025,0.14890959883326024
0.18715625000000002,0.15014464273082867
0.1875308333333333,0.17308497458133396
0.18790008333333333,0.17134652114431279
0.18827316666666669,0.16996744029074173
0.18864983333333332,0.12649378985698753
0.18901933333333334,0.1278061050062177
0.1893925,0.13689374205349225
0.18974808333333334,0.12544451471049436
0.19009725,0.12499945843864109
0.19044416666666666,0.15838611418194656
0.1907885,0.16267435149905746
0.19112816666666668,0.15106830301638913
0.1914661666666667,0.1690640383928325
0.19180733333333333,0.16905854573361626
0.19214858333333332,0.1488942998554514
0.1924903333333333,0.15074035697888033
0.19283275,0.16263519149602557
0.19317716666666668,0.16794841015658665
0.19352241666666667,0.15557959413533873
0.19387125,0.15299318739210577
0.194224,0.14290808050770337
0.19457975,0.11372961910282181
0.19493424999999995,0.08877710045723244
0.19529249999999998,0.10635472386375243
0.195655,0.11075431629883671
0.19601725,0.11370552269369488
0.19636849999999997,0.08751868443646936
0.19671716666666667,0.04977981491713606
0.19706391666666664,0.03760346306305869
0.19740666666666667,0.07461976812763613
0.19775249999999997,0.070189347698058
0.19809399999999996,0.06324094746340486
0.19843324999999998,0.04850928843876323
0.19877216666666667,0.051236838320809636
0.19911041666666665,0.07281006771288953
0.19944916666666668,0.08933085910586716
0.19979025,0.10214725300989748
0.2001325833333333,0.12616183970846045
0.20047658333333332,0.11799741941760127
0.20081675000000002,0.09140405241493559
0.20115650000000002,0.0852499255956959
0.20150825,0.09050040978930492
0.20186383333333333,0.08450436046070907
0.20222208333333333,0.07150885784659179
0.20258516666666668,0.06595533027373711
0.20294541666666666,0.05791477599590647
0.20330849999999998,0.038634626552244866
0.20367491666666665,0.011861841025313378
0.20403541666666666,0.02113344335972897
0.20439558333333332,0.01696957570292801
0.20475783333333333,0.002813809439578528
0.20512391666666666,0.015037200327192697
0.20548775,0.002451753071000773
0.20585799999999999,0.005306474035734476
0.20623099999999997,0.012621967295832781
0.20660816666666668,0.017540524846851025
0.2069848333333333,0.010287288629933472
0.20736491666666665,0.0013016330044451616
0.20774466666666663,0.06328491970710809
0.20812708333333332,0.05882165867102161
0.20850874999999996,0.058017679534197966
0.20889016666666663,0.036424693867809096
0.20927374999999998,0.01517561916834031
0.20965999999999999,0.01936352117861135
0.21003475,0.021116802910805192
0.21040783333333332,0.01168097108151594
0.21078058333333333,0.008004818573627179
0.2111523333333333,0.006953189453634388
0.2115248333333333,0.01155896482374549
0.21189666666666665,0.0021351515436665663
0.21226883333333332,0.01179446855298986
0.2126458333333333,0.01607302552776742
0.21302324999999997,0.004215875861086692
0.21339816666666664,0.014749449475879455
0.21377274999999998,0.017462293910055285
0.21414891666666666,0.04916736375824118
0.2145318333333333,0.040660064771052086
0.21488591666666665,0.03801128218601495
0.21523841666666665,0.027775297922986778
0.21558333333333332,0.018336482018060065
0.21592833333333328,0.0030588627714420906
0.21627533333333332,0.006221189304969942
0.21662349999999997,0.04269953567092274
0.21697124999999998,0.02040638016237246
0.21733199999999997,0.0145252373416436
0.2176948333333333,0.010203881763837703
0.21806024999999998,0.05007152221455402
0.21842291666666663,0.0228870511565393
0.21878799999999998,0.00511324298727563
0.2191520833333333,0.005842353199549958
0.2195143333333333,0.00808763211473786
0.21988033333333332,0.035824440020615814
0.22024858333333336,0.022413891953652284
0.22061583333333334,0.00608134389827794
0.22098674999999998,0.013358495812195158
0.22135725,0.02396695164917938
0.22172866666666663,0.017328728340750048
0.22210225,0.04874917379570262
0.22247633333333333,0.04487441837913953
0.22284583333333335,0.06279917206109072
0.2232158333333333,0.060140705154292394
0.223588,0.04966436642868601
0.22395941666666666,0.042374627205792784
0.22432491666666668,0.04422636182127475
0.22469166666666668,0.024120364531871812
0.2250564166666667,0.020452276645513946
0.22541808333333335,0.02107536706645882
0.22578325,0.022257591436631568
0.22615949999999999,0.012116894499970426
0.22653666666666666,0.016297453562282085
0.22690991666666666,0.0273730041167949
0.22727599999999998,0.04677514122224161
0.2276411666666667,0.05121473033778612
0.22800558333333332,0.06016794650036382
0.22836783333333333,0.07742214899045895
0.22872458333333334,0.061077666763070644
0.2290775,0.08224438014520678
0.22943041666666666,0.09599851502512018
0.22977866666666666,0.07595672596743193
0.2301258333333333,0.08169717586762613
0.23047374999999998,0.09421995640017655
0.23082216666666666,0.0929950042391949
0.23117083333333335,0.10768233612572042
0.231516,0.11237054918267952
0.23186466666666666,0.11086572083492491
0.23221658333333337,0.097426938491687
0.23256458333333332,0.10163154522047875
0.2329175,0.11187262490333326
0.23327116666666664,0.1186366640244901
0.23362725,0.1133435380597912
0.23399741666666665,0.09160464411271323
0.23436574999999998,0.10761992446372473
0.23473341666666667,0.08450105909862198
0.2350945,0.07997862455945264
0.23545833333333335,0.07069861056893487
0.23581983333333334,0.07272746956729177
0.23618083333333334,0.03702125453789063
0.23653966666666668,0.017713591473507175
0.23690116666666666,0.03628143923894176
0.23725841666666667,0.039946380571948395
0.23761291666666667,0.0534379279073981
0.23796541666666665,0.06253810193228729
0.238318,0.07002445547355199
0.23866850000000003,0.07211906696011146
0.23901500000000003,0.07999110022699162
0.23936641666666666,0.08535068562061587
0.2397175,0.09500104693394829
0.24007116666666667,0.09292517873519418
0.2404265,0.08614812056665169
0.24078258333333333,0.11183273921140975
0.24113525000000002,0.10761372237291984
0.2414873333333333,0.11402846333640942
0.24183833333333335,0.10476159958115817
0.24219016666666665,0.09961664299526142
0.24254958333333335,0.035667234278471
0.24290841666666665,0.009939642931873119
0.24326625,0.005433266498584734
0.24362541666666665,0.01686449006857776
0.24398083333333334,0.015641346979806285
0.24433716666666663,0.004161191479709606
0.24469291666666665,0.00689624134606759
0.24503966666666666,0.006925244522355858
0.2453825,0.007854800538587694
0.24573225,0.021650070968218377
0.24607674999999998,0.026706368701271573
0.246426,0.0166617151416009
0.24677658333333335,0.031144384642847925
0.2471306666666667,0.04953159449049554
0.2474869166666667,0.051210508968172495
0.2478459166666667,0.059965156134037446
0.24820275,0.06597158754009393
0.24855625000000003,0.07187944284301345
0.2489140833333333,0.06468526889200149
0.24926433333333337,0.063323150815901
0.24961366666666668,0.03330479087571208
0.24996083333333333,0.032864553445259945
0.25030775,0.050044118653083156
0.25066241666666667,0.06340748503067256
0.2510215833333333,0.056055297248950864
0.25138608333333334,0.05729335282690598
0.2517546666666667,0.08768119138666484
0.25212333333333337,0.0924055178482568
0.25249499999999997,0.0763016387892613
0.2528674166666667,0.07893911304555389
0.25324275,0.1162930572310931
0.2536236666666667,0.11527313974702547
0.25399866666666665,0.13241669908037607
0.25437933333333335,0.1300664431624814
0.25476366666666667,0.13076936640519113
0.25514733333333334,0.1484594301080399
0.25553608333333333,0.1338895698350893
0.25592441666666665,0.17414495241832312
0.25631824999999997,0.1689083848246465
0.25671591666666665,0.18914858250808053
0.25711791666666667,0.20667009650690615
0.25752200000000003,0.21472730353628838
0.25792258333333334,0.2164744279083171
0.25832125,0.21952031268462885
0.2587224166666667,0.15664651454217393
0.2591284166666667,0.1740852758262979
0.25953633333333337,0.16278561398592412
0.25994833333333334,0.16941143960106478
0.260364,0.1569041555553582
0.26077808333333335,0.14630790636578975
0.2611801666666667,0.14395791781057707
0.26158291666666666,0.12937728515455613
0.2619849166666667,0.13300127684733914
0.26238233333333333,0.1366624680606398
0.26278,0.11096764877108341
0.26317583333333333,0.09583730560029718
0.2635709166666667,0.08712944665100272
0.2639615,0.10052027553670505
0.26435058333333333,0.1082235531262279
0.26474316666666664,0.12175356662751101
0.26513308333333335,0.1154255317327311
0.265524,0.12262793409271154
0.26591675,0.10812946356371696
0.2663125,0.11935656198861656
0.26670724999999995,0.10589855618089906
0.26709925,0.1191148166729675
0.26749075000000005,0.08562457562870526
0.26788225000000004,0.09524392329402023
0.26827150000000005,0.10089405092861416
0.2686611666666667,0.0829923642660658
0.2690485,0.06238181923573304
0.2694409166666667,0.07443675756278466
0.2698445833333334,0.07564414949424601
0.27025033333333337,0.09336941369716802
0.2706454166666667,0.08452168775190161
0.2710443333333334,0.05589137781833132
0.27144691666666676,0.05117372339272549
0.27184966666666666,0.04745161557118575
0.27226533333333336,0.07304819966588479
0.27267858333333334,0.06681705065482142
0.27309391666666666,0.02869993207202022
0.2735073333333334,0.05481045447854327
0.27392083333333334,0.0009797541603529384
0.27433425,0.009176781870085561
0.274751,0.006436257606803536
0.27516833333333335,0.00208600274659097
0.27558883333333334,0.03326919829854244
0.27601308333333335,0.03102203685322925
0.2764371666666667,0.0008253136790305635
0.27686724999999995,0.01459695298018096
0.2772926666666667,0.0025102938869070563
0.27771700000000005,0.0060824747310048236
0.27814241666666667,0.01546384484076769
0.27856525,0.001771905481030159
0.27898591666666667,0.0331023760564875
0.27940833333333337,0.052553161426228075
0.27981416666666664,0.05156987591360133
0.28022300000000006,0.05381396874916428
0.2806314166666667,0.06088914172020676
0.28103683333333335,0.0903343969956179
0.281441,0.10307898989299084
0.28185066666666664,0.08889654550560691
0.28225975,0.07519319027395259
0.28266625,0.07008106379350192
0.2830795,0.047561737017731275
0.2834935833333333,0.051673377102554804
0.2839080833333333,0.04027831106478571
0.284325,0.017079014084087782
0.2847429166666667,0.003756254742580725
0.28515966666666664,0.007783438500289275
0.2855771666666667,0.0024490195698138304
0.285993,0.020128457797310862
0.2864069166666667,0.029202724544376436
0.2868191666666666,0.02490040687812935
0.2872343333333333,0.021435899273553865
0.28765158333333335,0.02020251225057001
0.28807075,0.02161501448212453
0.2884946666666667,0.04364513507786883
0.28891825000000004,0.003391784496742805
0.28934075,0.00019165651444792012
0.28975683333333335,0.031662391542734314
0.29017183333333335,0.032643923344280686
0.29059075,0.02213108069467221
0.29101241666666666,0.019414223739325453
0.2914381666666667,0.006975244926656804
0.29186416666666665,0.0077206509905135895
0.2922949166666667,0.0035603451514237554
0.29272266666666663,0.003846708681302503
0.2931526666666667,0.01681677039900875
0.293586,0.0008159565773529056
0.2940210833333333,0.05531084852547802
0.2944529166666667,0.053021701382770285
0.2948820833333334,0.02693469573661812
0.2953079166666666,0.0442795943364704
0.2957315,0.0464092527874511
0.29616791666666664,0.06939259813217649
0.29660491666666666,0.05681979845195728
0.2970408333333333,0.04467221447256546
0.297473,0.05455612843860668
0.2979065,0.06544755817531232
0.298337,0.04173262014221993
0.2987688333333333,0.053358332347732705
0.29921091666666666,0.0700815750311365
0.29965025000000006,0.07469711825924134
0.30008433333333334,0.022343996804078687
0.30051133333333335,0.0027992058122248186
0.30093400000000003,0.006913065656697939
0.30136033333333334,0.006286419784085943
0.30179524999999996,0.003911906919353771
0.3022295,0.04099403620446363
0.30266116666666665,0.017214135055198334
0.3030840833333333,0.025275657576741103
0.3035079166666667,0.015298115994291596
0.30391899999999994,0.007044447704555281
0.30432575,0.012137331880296892
0.30473508333333327,0.0047485013515731105
0.3051418333333333,0.01344764910701103
0.30554349999999997,0.007897683872313491
0.30594024999999997,0.027100672251385523
0.3063343333333333,0.017161363551147755
0.30672625,0.03163365300915702
0.30711383333333336,0.032098735136801844
0.30749858333333335,0.03281526498256396
0.30788550000000003,0.01824738464366681
0.3082698333333333,0.0065691274435497014
0.3086486666666667,0.0070673560578595656
0.3090285833333334,0.01309570718156016
0.30940208333333336,0.03459026414358241
0.30976983333333336,0.010466122961507719
0.31013908333333334,0.0024510726670330146
0.3105109166666667,0.0008174055080150331
0.31088458333333335,0.012648147184994376
0.3112600833333333,0.021391445325204185
0.31163474999999996,0.019225900571136316
0.31201441666666674,0.02196319481025834
0.31239750000000005,0.029382122095873462
0.31278125000000007,0.03433359137979022
0.31317825,0.019058619993651625
0.31357825,0.009089908840720614
0.31397458333333333,0.009762382805554961
0.31437075000000003,0.026320554290663656
0.3147651666666667,0.03325114753251526
0.31515641666666666,0.04395610530090884
0.3155443333333333,0.03372795016492093
0.3159360833333333,0.03363173026404803
0.31633991666666667,0.026303402603144087
0.31674633333333335,0.10972595243663409
0.31715133333333334,0.09107737153617167
0.31756075000000006,0.10590415366246711
0.31799016666666674,0.09058976214411281
0.31841933333333333,0.08556480761732224
0.3188461666666667,0.08857495823905913
0.31926625000000003,0.08437858857478445
0.3196847500000001,0.08333675955761864
0.3201105,0.07948566762089092
0.320533,0.0827065213161003
0.32096541666666667,0.081089184303932
0.32139999999999996,0.07680418811741453
0.3218215833333333,0.07410294627710115
0.3222446666666666,0.06389475855147773
0.32266516666666667,0.05525274824394251
0.3230831666666667,0.05487398672454485
0.32350016666666664,0.04406176009252301
0.323917,0.05413892024287654
0.32432933333333336,0.039428677323157475
0.32474474999999997,0.034275770371152016
0.3251589166666667,0.02461208016440154
0.32557200000000003,0.020239851784443316
0.3259884166666667,0.036601961428482384
0.3263965833333334,0.01981827304030882
0.3268189166666667,0.04080885231294305
0.3272495,0.043982831439255694
0.3277002500000001,0.047298596928263985
0.32814991666666665,0.05618193104135815
0.3286029166666667,0.06484218344115433
0.32905075000000006,0.0694327625220477
0.32950266666666667,0.060909430847184136
0.32995125,0.05646616240739133
0.33040191666666663,0.044732325240546426
0.3308576666666667,0.057006078626908624
0.33131208333333334,0.06316395074882174
0.33176533333333336,0.033450454067329785
0.33222083333333335,0.03539382979596782
0.33268658333333334,0.02489049808103553
0.3331455,0.03336739131707664
0.3336175833333333,0.050585205107303445
0.33409633333333333,0.045519849776686445
0.3345741666666667,0.038333547619140894
0.33505541666666666,0.026649324181379823
0.3355421666666666,0.02841478680813127
0.33602858333333335,0.00019399008664460914
0.3365108333333333,0.06399114917322056
0.3369938333333333,0.09580544738475898
0.3374833333333333,0.06477618342380496
0.3379702499999999,0.05327100158910709
0.33845725,0.04192143661291856
0.3389446666666666,0.041761161595089684
0.33942725,0.029476081669321565
0.33990975,0.03076990986225998
0.34039241666666664,0.01727615433090854
0.3408729166666666,0.02565736647940056
0.3413555833333334,0.032603966690372625
0.3418348333333333,0.02937935557170988
0.3423098333333333,0.019726077947112758
0.34278041666666664,0.0163211749119314
0.34326650000000003,2.1270645578194447e-05
0.3437538333333333,0.01338941794727676
0.34426075,0.035327085308583715
0.3447759166666666,0.025572447412179147
0.34528174999999994,0.03873338655029735
0.34579733333333335,0.05272361421271596
0.34631191666666666,0.06108006820959223
0.3468295,0.08213389374417124
0.34734541666666663,0.07748045837865379
0.3478644166666667,0.076609949166015
0.3483691666666667,0.03692632737052377
0.3488759166666667,0.04797442199960947
0.34938675,0.0506366757064965
0.34989383333333335,0.0314752242477683
0.35040874999999994,0.037492915086794865
0.35094016666666666,0.03230019996736223
0.35147316666666667,0.05119584477300309
0.35199800000000003,0.0659845683973196
0.35251741666666664,0.059833289469405
0.3530453333333333,0.06966447142842735
0.35357608333333335,0.07124266694648336
0.35413225,0.06103190033993021
0.35470541666666666,0.07009240176947523
0.3552805833333333,0.06676330557122748
0.35587241666666664,0.03931343112475715
0.35647258333333326,0.0312337835994105
0.35708674999999995,0.006460466067060287
0.3577055,0.04820041817955025
0.3583305,0.04413186821716728
0.35896316666666667,0.06145164863958347
0.3595945,0.05945217322474711
0.3602285833333333,0.06142802209258132
0.36086975,0.06404849206438123
0.36153033333333334,0.06390339004726811
0.36219075,0.0074275606392004015
0.36284808333333335,0.012858330412573506
0.3635058333333333,0.01035383142683542
0.3641675833333334,0.00794091667457398
0.36483708333333337,0.02258785542800536
0.3655079166666667,0.03912589167457916
0.36617941666666665,0.03333949335957654
0.366856,0.05431746347196213
0.3675651666666667,0.043697341442667806
0.368291,0.051790824217847344
0.36901991666666667,0.031551012151660084
0.36974508333333334,0.02515345940355797
0.37046691666666665,0.044139978342600805
0.37118483333333335,0.03864215242646468
0.37190525,0.03352649745348456
0.37262075,0.01992678054031285
0.3733365833333334,0.023715627760140877
0.37405191666666665,0.03253703197397067
0.37476224999999996,0.026386807783065576
0.37547041666666664,0.0010589874200123697
0.3761785833333333,0.022093645416809977
0.3768940833333333,0.013004643644569987
0.37760925,0.06627054172322051
0.3783243333333334,0.06498996224469053
0.3790419166666667,0.04527242118304372
0.37976450000000006,0.08510819751714763
0.38047625,0.07293833005585204
0.38119308333333335,0.07193390381945058
0.3819090833333333,0.06035460594834651
0.38262775,0.08259730682801798
0.38332883333333334,0.12167818761727033
0.38403275,0.1175735106242298
0.38473408333333325,0.124445441205646
0.3854366666666666,0.11599202921153266
0.38613816666666667,0.08878425486890189
0.38687133333333334,0.08335202026282847
0.3876070833333333,0.12687536136365754
0.3883405833333333,0.1337889066385488
0.3890780833333333,0.12364548532815696
0.38981733333333335,0.15804051055022908
0.39056383333333333,0.15535086490080968
0.3913098333333333,0.13847477639568784
0.3920586666666666,0.1866237860582182
0.39281399999999994,0.14337112666725899
0.3935738333333333,0.12647077178285066
0.39433891666666665,0.1241913578189159
0.39510808333333336,0.09850408111195443
0.3958750833333333,0.09625985081376111
0.3966469166666667,0.09619163115643121
0.3974170833333333,0.10446649857451534
0.3982183333333333,0.10450392374597123
0.39901116666666664,0.08734645936663252
0.39979216666666667,0.09040981029238712
0.4005666666666666,0.09473440973588276
0.40134216666666667,0.08974331572233571
0.40211883333333337,0.11000585387668685
0.40289483333333337,0.10084702338657177
0.403666,0.10769360248338149
0.40444175,0.12624507838790483
0.4052235833333333,0.12559983219946078
0.406001,0.11794041670690875
0.40678633333333336,0.12859813417746352
0.4075685,0.12645364249382554
0.40838,0.11412318693214489
0.4091953333333333,0.10761570658336231
0.41001024999999997,0.10446609828196084
0.41081566666666663,0.10905501387901942
0.4116506666666666,0.15513939678986652
0.41248383333333327,0.13564024667029367
0.41332791666666663,0.12304599952111114
0.41416933333333333,0.12288340328962125
0.41502291666666663,0.16178631154413908
0.4158750833333334,0.1545312009019449
0.41673391666666665,0.1902354981747717
0.41758741666666666,0.19016337160554697
0.4184689166666667,0.14716428535315032
0.4193658333333333,0.08750616944458724
0.42027325,0.08192139982218405
0.42118099999999997,0.06851559616980182
0.4220919166666667,0.06898306372017461
0.42300875,0.0856578119780568
0.4239256666666666,0.04194762054099907
0.4248480833333333,0.020356729083725458
0.42582724999999993,0.010646125863600095
0.4268348333333333,0.038226032182094
0.4278636666666666,0.0390880986909378
0.4288814166666667,0.007000571112811333
0.4298933333333333,0.01671038656162211
0.4308985833333333,0.025640724717407967
0.43192041666666664,0.004572085970600523
0.4329409166666667,0.01347445822134186
0.4339651666666666,0.0517501510256155
0.4349891666666667,0.06413315703731169
0.4360095833333333,0.059820213059852495
0.43702824999999995,0.049666737347441835
0.4380669166666666,0.037414044027750885
0.4391054166666667,0.037710765314207105
0.44015041666666666,0.05358158143367504
0.4411913333333333,0.018790613405516604
0.4422358333333333,0.030684568958629706
0.443287,0.03437335706231926
0.44432825,0.02336267065911237
0.4453696666666667,0.03240424171310765
0.44642324999999994,0.015767532506241726
0.44747791666666664,0.020793715120812118
0.44852574999999995,0.0037656770532084904
0.4495905,0.005797142922087555
0.4506428333333333,0.02644581876068437
0.45167408333333336,0.0261831464127052
0.45269366666666666,0.021207441467567256
0.4536956666666666,0.032193208981383274
0.45471408333333335,0.016573188928527435
0.45572899999999994,0.0066244194681314705
0.45675625,0.03406231894650747
0.45779716666666664,0.029112267240212646
0.45883666666666667,0.04563973104402036
0.459888,0.03984507827994694
0.46093475,0.04845527204817156
0.46197458333333336,0.05566592684785857
0.4630020833333333,0.051163474499227035
0.4640313333333334,0.021924853250274073
0.46506775000000006,0.010082241468299313
0.46610825000000006,0.001978933990896644
0.4671524166666667,0.02180241713966948
0.4681898333333333,0.011234705558535578
0.46925666666666666,0.005887107637549157
0.4703346666666666,0.012095145394339786
0.47140849999999995,0.008870099859498628
0.47248249999999997,0.033905374819210764
0.47356391666666664,0.028505768631755617
0.4746426666666667,0.029630242768173616
0.4757328333333333,0.01592675364235436
0.47682225,0.013154920146562724
0.47791233333333333,0.012446446645206298
0.4790183333333334,0.06422039587758693
0.48012991666666666,0.048748279906235994
0.48123791666666665,0.03422354003934639
0.48237858333333333,0.04676358241678044
0.48351916666666667,0.09427135234325315
0.48465541666666667,0.13074912707648523
0.4858164166666667,0.09691821053372211
0.4869765,0.03199222195545748
0.48813675,0.057891951145813095
0.4893065833333334,0.05423472107957158
0.49047141666666666,0.04143131242863505
0.49162716666666667,0.04579710556886304
0.49278375,0.03466300688533144
0.49396533333333337,0.044184565394718434
0.49520191666666663,0.044521845200338944
0.49643391666666664,0.05977522602524197
0.49766391666666665,0.06490453392780719
0.49889500000000003,0.04459699919393361
0.5001311666666667,0.042281029605277076
0.5013690000000001,0.03844093930793993
0.5026032500000001,0.022768717251386284
0.50380225,0.014804956951538594
0.5049976666666667,0.017556219488379196
0.506188,0.013467409767746578
0.50738025,0.03218308112533647
0.5085716666666666,0.008531224279724282
0.5097725833333333,0.005074488818415765
0.5109758333333333,0.03519185065380876
0.5121797499999999,0.02290023806245676
0.5133771666666667,0.03398695186201026
0.5145707500000001,0.08032122642372758
0.5157735,0.033842379960548175
0.5169805833333334,0.040695322583563516
0.5181985833333334,0.047442142857385725
0.5194209166666667,0.036111714886632014
0.5206532500000001,0.023214817072531976
0.5219285,0.014638555185172472
0.5232009166666667,0.02673889630001986
0.5244873333333333,0.03701530776598297
0.5257838333333333,0.02284012414248813
0.5270939166666667,0.04419353186441616
0.5284034166666667,0.01888084243754139
0.5297130833333334,0.055654542746828746
0.5310312500000001,0.029575107025072652
0.5323523333333333,0.0032041266794593216
0.5336689166666666,0.03172304665570203
0.5349881666666666,0.004588955914310303
0.5363314166666666,0.02590328714335264
0.5376979166666666,0.008737998328959344
0.5390359166666666,0.006370368957043791
0.5403625000000001,0.039967906414377447
0.5416930000000001,0.04881152600684475
0.5430279166666666,0.05505144628084145
0.5443514166666666,0.06458153054900267
0.5456906666666668,0.07056645034175091
0.5470435833333334,0.0719984367379243
0.5484015833333333,0.05782836477973561
0.5497501666666668,0.05235685594405905
0.5511113333333334,0.07024193938995835
0.5524958333333333,0.05447870218906259
0.5538783333333334,0.08404694352235687
0.5552332500000001,0.08339568171105513
0.5565738333333333,0.13431741831105562
0.5579065833333333,0.12928107708633627
0.5592598333333334,0.1584477101716526
0.5606200833333335,0.1528440727326803
0.5619790000000001,0.15660034200473108
0.5633378333333334,0.17119673340753547
0.5647216666666668,0.16842442069210464
0.5660520000000001,0.2011521921193521
0.5673541666666667,0.18061658025271835
0.5686427500000001,0.19719380201939013
0.5700299999999999,0.17264208836102993
0.5714375833333333,0.21206268983927215
0.572882,0.186736386624549
0.5743575,0.18700075176491557
0.5758651666666667,0.2096132386362501
0.5773726666666666,0.20841033952068316
0.5788921666666667,0.21685784247073805
0.5804393333333333,0.21145121530703492
0.5819909166666667,0.21566761365169101
0.5835195,0.24263971242585677
0.5850575833333332,0.20749365143856666
0.5866070000000001,0.22358183236945897
0.5881885833333332,0.2264795657872812
0.5897713333333333,0.2519150910311799
0.5913465,0.23447180918211905
0.5929150833333333,0.23695215354261204
0.5944786666666668,0.2723420271000911
0.5960290833333333,0.2510454783169072
0.5975818333333334,0.2540087666800069
0.5991358333333333,0.25852295983208634
0.6006746666666667,0.26057127899729965
0.6022004166666667,0.2518470124647261
0.6038409166666666,0.26218493738775184
0.6055019999999999,0.29801529040038316
0.6071686666666667,0.3342900939198879
0.6088101666666667,0.3276288214134848
0.6104447499999999,0.3064869618848861
0.6120659166666667,0.3041422847340561
0.6137171666666668,0.3039221932267982
0.61537025,0.32504214264832526
0.6170175,0.3355946516176406
0.6186760833333333,0.3289298048182945
0.6203458333333334,0.33208042120580933
0.6220244166666666,0.3629581138070938
0.6237014166666666,0.3704719885137509
0.6253783333333334,0.35770316622609805
0.6270560833333333,0.3349353694162174
0.6287279166666667,0.3242708674109979
0.6304031666666667,0.3385316166382789
0.6320910000000001,0.3862320359002016
0.6337725833333333,0.3643833476886932
0.6354743333333334,0.37291756335657744
0.6371461666666666,0.3902856360376243
0.63881925,0.3424191919792301
0.64049,0.339253609601574
0.6421610833333333,0.34418739751342275
0.6438999166666667,0.33724348927906633
0.6456524166666667,0.320385343899064
0.6473893333333334,0.27769578091374064
0.6491218333333334,0.2779340380482555
0.6508870000000001,0.2782763336868196
0.6526273333333333,0.29366419254758985
0.65436,0.2850754213410185
0.6560955833333334,0.29329689709806
0.65781925,0.27979597176823445
0.6595411666666667,0.31119866236956034
0.6612933333333334,0.3241235061971357
0.6630843333333334,0.32129223913618543
0.6649485,0.3379594657518117
0.6668210000000001,0.3227313638032789
0.6686915833333333,0.3297971124342626
0.6705901666666667,0.28958437069374754
0.67245025,0.2714062050066997
0.6746505833333334,0.2598846307267684
0.6768474166666666,0.2722050004136937
0.67916525,0.29536537141086167
0.6821525833333333,0.29646088809204174
0.6854520000000001,0.2990460542351948
0.6890695833333333,0.24924604007252826
0.6927450833333334,0.3199740483633227
0.6964281666666667,0.3514243019608666
0.7001633333333334,0.44580132958771057
0.7040591666666667,0.5456652127532509
0.7085601666666667,0.5916692724569512
0.7139705,0.6056977785633348
0.7194094166666667,0.5065762089020087
0.7253701666666666,0.5165186599243606
0.7313725000000001,0.544628086491518
0.7373909166666667,0.4022333753182604
0.7434521666666668,0.3985984361208138
0.7496338333333334,0.42521487724011375
0.7559023333333333,0.35776029593383507
0.7622445833333333,0.2978655040052072
0.7686136666666668,0.29230900276194555
0.7752,0.1106780291902197
0.7819898333333335,0.0206997280078869
0.7898200000000001,0.13522943900451453
0.79767625,0.009079415279919251
0.8060660833333334,0.07134989724091598
0.8151352500000001,0.00044081022910396727
0.8250720000000001,0.001884052202980522
0.8359206666666668,0.1405842130835248
